[{"brgy_code":"012820001","brgy_name":"San Francisco (Pob.)","province_code":"0128","region_code":"01"},{"brgy_code":"012820002","brgy_name":"San Ildefonso (Pob.)","province_code":"0128","region_code":"01"},{"brgy_code":"012820003","brgy_name":"San Agustin","province_code":"0128","region_code":"01"},{"brgy_code":"012820004","brgy_name":"San Baltazar (Pob.)","province_code":"0128","region_code":"01"},{"brgy_code":"012820005","brgy_name":"San Bartolome (Pob.)","province_code":"0128","region_code":"01"},{"brgy_code":"012820006","brgy_name":"San Cayetano (Pob.)","province_code":"0128","region_code":"01"},{"brgy_code":"012820007","brgy_name":"San Eugenio (Pob.)","province_code":"0128","region_code":"01"},{"brgy_code":"012820008","brgy_name":"San Fernando (Pob.)","province_code":"0128","region_code":"01"},{"brgy_code":"012820009","brgy_name":"San Gregorio (Pob.)","province_code":"0128","region_code":"01"},{"brgy_code":"012820010","brgy_name":"San Guillermo","province_code":"0128","region_code":"01"},{"brgy_code":"012820011","brgy_name":"San Jose (Pob.)","province_code":"0128","region_code":"01"},{"brgy_code":"012820012","brgy_name":"San Juan Bautista (Pob.)","province_code":"0128","region_code":"01"},{"brgy_code":"012820013","brgy_name":"San Lorenzo","province_code":"0128","region_code":"01"},{"brgy_code":"012820014","brgy_name":"San Lucas (Pob.)","province_code":"0128","region_code":"01"},{"brgy_code":"012820015","brgy_name":"San Marcos (Payas)","province_code":"0128","region_code":"01"},{"brgy_code":"012820016","brgy_name":"San Miguel (Pob.)","province_code":"0128","region_code":"01"},{"brgy_code":"012820017","brgy_name":"San Pablo","province_code":"0128","region_code":"01"},{"brgy_code":"012820018","brgy_name":"San Paulo (Pob.)","province_code":"0128","region_code":"01"},{"brgy_code":"012820019","brgy_name":"San Pedro (Bingao)","province_code":"0128","region_code":"01"},{"brgy_code":"012820020","brgy_name":"San Rufino (Pob.)","province_code":"0128","region_code":"01"},{"brgy_code":"012820021","brgy_name":"San Silvestre (Pob.)","province_code":"0128","region_code":"01"},{"brgy_code":"012820022","brgy_name":"Santa Asuncion (Samac)","province_code":"0128","region_code":"01"},{"brgy_code":"012820023","brgy_name":"Santa Cecilia (Barabar)","province_code":"0128","region_code":"01"},{"brgy_code":"012820024","brgy_name":"Santa Monica (Nagrebcan)","province_code":"0128","region_code":"01"}]