[{"brgy_code":"012912001","brgy_name":"Alangan","province_code":"0129","region_code":"01"},{"brgy_code":"012912002","brgy_name":"Bacar","province_code":"0129","region_code":"01"},{"brgy_code":"012912006","brgy_name":"Barbarit","province_code":"0129","region_code":"01"},{"brgy_code":"012912007","brgy_name":"Bungro","province_code":"0129","region_code":"01"},{"brgy_code":"012912008","brgy_name":"Cabaroan","province_code":"0129","region_code":"01"},{"brgy_code":"012912010","brgy_name":"Cadanglaan","province_code":"0129","region_code":"01"},{"brgy_code":"012912011","brgy_name":"Caraisan","province_code":"0129","region_code":"01"},{"brgy_code":"012912014","brgy_name":"Dacutan","province_code":"0129","region_code":"01"},{"brgy_code":"012912015","brgy_name":"Labut","province_code":"0129","region_code":"01"},{"brgy_code":"012912017","brgy_name":"Maas-asin","province_code":"0129","region_code":"01"},{"brgy_code":"012912018","brgy_name":"Macatcatud","province_code":"0129","region_code":"01"},{"brgy_code":"012912019","brgy_name":"Namalpalan","province_code":"0129","region_code":"01"},{"brgy_code":"012912020","brgy_name":"Manzante","province_code":"0129","region_code":"01"},{"brgy_code":"012912022","brgy_name":"Maratudo","province_code":"0129","region_code":"01"},{"brgy_code":"012912023","brgy_name":"Miramar","province_code":"0129","region_code":"01"},{"brgy_code":"012912025","brgy_name":"Napo","province_code":"0129","region_code":"01"},{"brgy_code":"012912026","brgy_name":"Pagsanaan Norte","province_code":"0129","region_code":"01"},{"brgy_code":"012912027","brgy_name":"Pagsanaan Sur","province_code":"0129","region_code":"01"},{"brgy_code":"012912028","brgy_name":"Panay Norte","province_code":"0129","region_code":"01"},{"brgy_code":"012912029","brgy_name":"Panay Sur","province_code":"0129","region_code":"01"},{"brgy_code":"012912030","brgy_name":"Patong","province_code":"0129","region_code":"01"},{"brgy_code":"012912031","brgy_name":"Puro","province_code":"0129","region_code":"01"},{"brgy_code":"012912032","brgy_name":"San Basilio (Pob.)","province_code":"0129","region_code":"01"},{"brgy_code":"012912033","brgy_name":"San Clemente (Pob.)","province_code":"0129","region_code":"01"},{"brgy_code":"012912034","brgy_name":"San Julian (Pob.)","province_code":"0129","region_code":"01"},{"brgy_code":"012912035","brgy_name":"San Lucas (Pob.)","province_code":"0129","region_code":"01"},{"brgy_code":"012912036","brgy_name":"San Ramon (Pob.)","province_code":"0129","region_code":"01"},{"brgy_code":"012912037","brgy_name":"San Vicente (Pob.)","province_code":"0129","region_code":"01"},{"brgy_code":"012912038","brgy_name":"Santa Monica","province_code":"0129","region_code":"01"},{"brgy_code":"012912039","brgy_name":"Sarsaracat","province_code":"0129","region_code":"01"}]