[{"brgy_code":"013301001","brgy_name":"Ambitacay","province_code":"0133","region_code":"01"},{"brgy_code":"013301002","brgy_name":"Balawarte","province_code":"0133","region_code":"01"},{"brgy_code":"013301003","brgy_name":"Capas","province_code":"0133","region_code":"01"},{"brgy_code":"013301004","brgy_name":"Consolacion (Pob.)","province_code":"0133","region_code":"01"},{"brgy_code":"013301005","brgy_name":"Macalva Central","province_code":"0133","region_code":"01"},{"brgy_code":"013301006","brgy_name":"Macalva Norte","province_code":"0133","region_code":"01"},{"brgy_code":"013301007","brgy_name":"Macalva Sur","province_code":"0133","region_code":"01"},{"brgy_code":"013301008","brgy_name":"Nazareno","province_code":"0133","region_code":"01"},{"brgy_code":"013301009","brgy_name":"Purok","province_code":"0133","region_code":"01"},{"brgy_code":"013301010","brgy_name":"San Agustin East","province_code":"0133","region_code":"01"},{"brgy_code":"013301011","brgy_name":"San Agustin Norte","province_code":"0133","region_code":"01"},{"brgy_code":"013301012","brgy_name":"San Agustin Sur","province_code":"0133","region_code":"01"},{"brgy_code":"013301013","brgy_name":"San Antonino","province_code":"0133","region_code":"01"},{"brgy_code":"013301014","brgy_name":"San Antonio","province_code":"0133","region_code":"01"},{"brgy_code":"013301015","brgy_name":"San Francisco","province_code":"0133","region_code":"01"},{"brgy_code":"013301016","brgy_name":"San Isidro","province_code":"0133","region_code":"01"},{"brgy_code":"013301017","brgy_name":"San Joaquin Norte","province_code":"0133","region_code":"01"},{"brgy_code":"013301018","brgy_name":"San Joaquin Sur","province_code":"0133","region_code":"01"},{"brgy_code":"013301019","brgy_name":"San Jose Norte","province_code":"0133","region_code":"01"},{"brgy_code":"013301020","brgy_name":"San Jose Sur","province_code":"0133","region_code":"01"},{"brgy_code":"013301021","brgy_name":"San Juan","province_code":"0133","region_code":"01"},{"brgy_code":"013301022","brgy_name":"San Julian Central","province_code":"0133","region_code":"01"},{"brgy_code":"013301023","brgy_name":"San Julian East","province_code":"0133","region_code":"01"},{"brgy_code":"013301024","brgy_name":"San Julian Norte","province_code":"0133","region_code":"01"},{"brgy_code":"013301025","brgy_name":"San Julian West","province_code":"0133","region_code":"01"},{"brgy_code":"013301026","brgy_name":"San Manuel Norte","province_code":"0133","region_code":"01"},{"brgy_code":"013301027","brgy_name":"San Manuel Sur","province_code":"0133","region_code":"01"},{"brgy_code":"013301028","brgy_name":"San Marcos","province_code":"0133","region_code":"01"},{"brgy_code":"013301029","brgy_name":"San Miguel","province_code":"0133","region_code":"01"},{"brgy_code":"013301030","brgy_name":"San Nicolas Central (Pob.)","province_code":"0133","region_code":"01"},{"brgy_code":"013301031","brgy_name":"San Nicolas East","province_code":"0133","region_code":"01"},{"brgy_code":"013301032","brgy_name":"San Nicolas Norte (Pob.)","province_code":"0133","region_code":"01"},{"brgy_code":"013301033","brgy_name":"San Nicolas West","province_code":"0133","region_code":"01"},{"brgy_code":"013301034","brgy_name":"San Nicolas Sur (Pob.)","province_code":"0133","region_code":"01"},{"brgy_code":"013301035","brgy_name":"San Pedro","province_code":"0133","region_code":"01"},{"brgy_code":"013301036","brgy_name":"San Roque West","province_code":"0133","region_code":"01"},{"brgy_code":"013301037","brgy_name":"San Roque East","province_code":"0133","region_code":"01"},{"brgy_code":"013301038","brgy_name":"San Vicente Norte","province_code":"0133","region_code":"01"},{"brgy_code":"013301039","brgy_name":"San Vicente Sur","province_code":"0133","region_code":"01"},{"brgy_code":"013301040","brgy_name":"Santa Ana","province_code":"0133","region_code":"01"},{"brgy_code":"013301041","brgy_name":"Santa Barbara (Pob.)","province_code":"0133","region_code":"01"},{"brgy_code":"013301042","brgy_name":"Santa Fe","province_code":"0133","region_code":"01"},{"brgy_code":"013301043","brgy_name":"Santa Maria","province_code":"0133","region_code":"01"},{"brgy_code":"013301044","brgy_name":"Santa Monica","province_code":"0133","region_code":"01"},{"brgy_code":"013301045","brgy_name":"Santa Rita (Nalinac)","province_code":"0133","region_code":"01"},{"brgy_code":"013301046","brgy_name":"Santa Rita East","province_code":"0133","region_code":"01"},{"brgy_code":"013301047","brgy_name":"Santa Rita Norte","province_code":"0133","region_code":"01"},{"brgy_code":"013301048","brgy_name":"Santa Rita Sur","province_code":"0133","region_code":"01"},{"brgy_code":"013301049","brgy_name":"Santa Rita West","province_code":"0133","region_code":"01"}]