[{"brgy_code":"021523001","brgy_name":"Casagan","province_code":"0215","region_code":"02"},{"brgy_code":"021523002","brgy_name":"Casambalangan (Port Irene)","province_code":"0215","region_code":"02"},{"brgy_code":"021523003","brgy_name":"Centro (Pob.)","province_code":"0215","region_code":"02"},{"brgy_code":"021523004","brgy_name":"Diora-Zinungan","province_code":"0215","region_code":"02"},{"brgy_code":"021523005","brgy_name":"Dungeg","province_code":"0215","region_code":"02"},{"brgy_code":"021523006","brgy_name":"Kapanikian","province_code":"0215","region_code":"02"},{"brgy_code":"021523007","brgy_name":"Marede","province_code":"0215","region_code":"02"},{"brgy_code":"021523008","brgy_name":"Palawig","province_code":"0215","region_code":"02"},{"brgy_code":"021523009","brgy_name":"Batu-Parada","province_code":"0215","region_code":"02"},{"brgy_code":"021523010","brgy_name":"Patunungan","province_code":"0215","region_code":"02"},{"brgy_code":"021523011","brgy_name":"Rapuli (Punti)","province_code":"0215","region_code":"02"},{"brgy_code":"021523012","brgy_name":"San Vicente (Fort)","province_code":"0215","region_code":"02"},{"brgy_code":"021523013","brgy_name":"Santa Clara","province_code":"0215","region_code":"02"},{"brgy_code":"021523014","brgy_name":"Santa Cruz","province_code":"0215","region_code":"02"},{"brgy_code":"021523015","brgy_name":"Visitacion (Pob.)","province_code":"0215","region_code":"02"},{"brgy_code":"021523016","brgy_name":"Tangatan","province_code":"0215","region_code":"02"}]