[{"brgy_code":"023101001","brgy_name":"Amistad","province_code":"0231","region_code":"02"},{"brgy_code":"023101002","brgy_name":"Antonino (Pob.)","province_code":"0231","region_code":"02"},{"brgy_code":"023101003","brgy_name":"Apanay","province_code":"0231","region_code":"02"},{"brgy_code":"023101004","brgy_name":"Aurora","province_code":"0231","region_code":"02"},{"brgy_code":"023101005","brgy_name":"Bagnos","province_code":"0231","region_code":"02"},{"brgy_code":"023101006","brgy_name":"Bagong Sikat","province_code":"0231","region_code":"02"},{"brgy_code":"023101007","brgy_name":"Bantug-Petines","province_code":"0231","region_code":"02"},{"brgy_code":"023101008","brgy_name":"Bonifacio","province_code":"0231","region_code":"02"},{"brgy_code":"023101009","brgy_name":"Burgos","province_code":"0231","region_code":"02"},{"brgy_code":"023101010","brgy_name":"Calaocan (Pob.)","province_code":"0231","region_code":"02"},{"brgy_code":"023101011","brgy_name":"Callao","province_code":"0231","region_code":"02"},{"brgy_code":"023101012","brgy_name":"Dagupan","province_code":"0231","region_code":"02"},{"brgy_code":"023101013","brgy_name":"Inanama","province_code":"0231","region_code":"02"},{"brgy_code":"023101014","brgy_name":"Linglingay","province_code":"0231","region_code":"02"},{"brgy_code":"023101015","brgy_name":"M.H. del Pilar","province_code":"0231","region_code":"02"},{"brgy_code":"023101016","brgy_name":"Mabini","province_code":"0231","region_code":"02"},{"brgy_code":"023101017","brgy_name":"Magsaysay (Pob.)","province_code":"0231","region_code":"02"},{"brgy_code":"023101018","brgy_name":"Mataas na Kahoy","province_code":"0231","region_code":"02"},{"brgy_code":"023101019","brgy_name":"Paddad","province_code":"0231","region_code":"02"},{"brgy_code":"023101020","brgy_name":"Rizal","province_code":"0231","region_code":"02"},{"brgy_code":"023101021","brgy_name":"Rizaluna","province_code":"0231","region_code":"02"},{"brgy_code":"023101022","brgy_name":"Salvacion","province_code":"0231","region_code":"02"},{"brgy_code":"023101023","brgy_name":"San Antonio (Pob.)","province_code":"0231","region_code":"02"},{"brgy_code":"023101024","brgy_name":"San Fernando","province_code":"0231","region_code":"02"},{"brgy_code":"023101025","brgy_name":"San Francisco","province_code":"0231","region_code":"02"},{"brgy_code":"023101026","brgy_name":"San Juan","province_code":"0231","region_code":"02"},{"brgy_code":"023101027","brgy_name":"San Pablo","province_code":"0231","region_code":"02"},{"brgy_code":"023101028","brgy_name":"San Pedro","province_code":"0231","region_code":"02"},{"brgy_code":"023101029","brgy_name":"Santa Cruz","province_code":"0231","region_code":"02"},{"brgy_code":"023101030","brgy_name":"Santa Maria","province_code":"0231","region_code":"02"},{"brgy_code":"023101031","brgy_name":"Santo Domingo","province_code":"0231","region_code":"02"},{"brgy_code":"023101032","brgy_name":"Santo Tomas","province_code":"0231","region_code":"02"},{"brgy_code":"023101033","brgy_name":"Victoria","province_code":"0231","region_code":"02"},{"brgy_code":"023101034","brgy_name":"Zamora","province_code":"0231","region_code":"02"}]