[{"brgy_code":"023103001","brgy_name":"Apiat","province_code":"0231","region_code":"02"},{"brgy_code":"023103002","brgy_name":"Bagnos","province_code":"0231","region_code":"02"},{"brgy_code":"023103003","brgy_name":"Bagong Tanza","province_code":"0231","region_code":"02"},{"brgy_code":"023103004","brgy_name":"Ballesteros","province_code":"0231","region_code":"02"},{"brgy_code":"023103005","brgy_name":"Bannagao","province_code":"0231","region_code":"02"},{"brgy_code":"023103006","brgy_name":"Bannawag","province_code":"0231","region_code":"02"},{"brgy_code":"023103007","brgy_name":"Bolinao","province_code":"0231","region_code":"02"},{"brgy_code":"023103008","brgy_name":"Caipilan","province_code":"0231","region_code":"02"},{"brgy_code":"023103009","brgy_name":"Camarunggayan","province_code":"0231","region_code":"02"},{"brgy_code":"023103010","brgy_name":"Dalig-Kalinga","province_code":"0231","region_code":"02"},{"brgy_code":"023103011","brgy_name":"Diamantina","province_code":"0231","region_code":"02"},{"brgy_code":"023103012","brgy_name":"Divisoria","province_code":"0231","region_code":"02"},{"brgy_code":"023103013","brgy_name":"Esperanza East","province_code":"0231","region_code":"02"},{"brgy_code":"023103014","brgy_name":"Esperanza West","province_code":"0231","region_code":"02"},{"brgy_code":"023103015","brgy_name":"Kalabaza","province_code":"0231","region_code":"02"},{"brgy_code":"023103016","brgy_name":"Rizaluna (Lapuz)","province_code":"0231","region_code":"02"},{"brgy_code":"023103017","brgy_name":"Macatal","province_code":"0231","region_code":"02"},{"brgy_code":"023103018","brgy_name":"Malasin","province_code":"0231","region_code":"02"},{"brgy_code":"023103019","brgy_name":"Nampicuan","province_code":"0231","region_code":"02"},{"brgy_code":"023103020","brgy_name":"Villa Nuesa","province_code":"0231","region_code":"02"},{"brgy_code":"023103021","brgy_name":"Panecien","province_code":"0231","region_code":"02"},{"brgy_code":"023103022","brgy_name":"San Andres","province_code":"0231","region_code":"02"},{"brgy_code":"023103023","brgy_name":"San Jose (Pob.)","province_code":"0231","region_code":"02"},{"brgy_code":"023103024","brgy_name":"San Rafael","province_code":"0231","region_code":"02"},{"brgy_code":"023103025","brgy_name":"San Ramon","province_code":"0231","region_code":"02"},{"brgy_code":"023103026","brgy_name":"Santa Rita","province_code":"0231","region_code":"02"},{"brgy_code":"023103027","brgy_name":"Santa Rosa","province_code":"0231","region_code":"02"},{"brgy_code":"023103028","brgy_name":"Saranay","province_code":"0231","region_code":"02"},{"brgy_code":"023103029","brgy_name":"Sili","province_code":"0231","region_code":"02"},{"brgy_code":"023103030","brgy_name":"Victoria","province_code":"0231","region_code":"02"},{"brgy_code":"023103031","brgy_name":"Villa Fugu","province_code":"0231","region_code":"02"},{"brgy_code":"023103032","brgy_name":"San Juan (Pob.)","province_code":"0231","region_code":"02"},{"brgy_code":"023103033","brgy_name":"San Pedro-San Pablo (Pob.)","province_code":"0231","region_code":"02"}]