[{"brgy_code":"030806001","brgy_name":"Alangan","province_code":"0308","region_code":"03"},{"brgy_code":"030806002","brgy_name":"Kitang I","province_code":"0308","region_code":"03"},{"brgy_code":"030806003","brgy_name":"Kitang 2 & Luz","province_code":"0308","region_code":"03"},{"brgy_code":"030806004","brgy_name":"Lamao","province_code":"0308","region_code":"03"},{"brgy_code":"030806006","brgy_name":"Landing","province_code":"0308","region_code":"03"},{"brgy_code":"030806007","brgy_name":"Poblacion","province_code":"0308","region_code":"03"},{"brgy_code":"030806008","brgy_name":"Reformista","province_code":"0308","region_code":"03"},{"brgy_code":"030806009","brgy_name":"Townsite","province_code":"0308","region_code":"03"},{"brgy_code":"030806012","brgy_name":"Wawa","province_code":"0308","region_code":"03"},{"brgy_code":"030806013","brgy_name":"Duale","province_code":"0308","region_code":"03"},{"brgy_code":"030806014","brgy_name":"San Francisco de Asis","province_code":"0308","region_code":"03"},{"brgy_code":"030806015","brgy_name":"St. Francis II","province_code":"0308","region_code":"03"}]