[{"brgy_code":"035419001","brgy_name":"San Agustin","province_code":"0354","region_code":"03"},{"brgy_code":"035419002","brgy_name":"San Bartolome","province_code":"0354","region_code":"03"},{"brgy_code":"035419003","brgy_name":"San Isidro","province_code":"0354","region_code":"03"},{"brgy_code":"035419004","brgy_name":"San Joaquin (Pob.)","province_code":"0354","region_code":"03"},{"brgy_code":"035419005","brgy_name":"San Jose","province_code":"0354","region_code":"03"},{"brgy_code":"035419006","brgy_name":"San Juan","province_code":"0354","region_code":"03"},{"brgy_code":"035419007","brgy_name":"San Nicolas","province_code":"0354","region_code":"03"},{"brgy_code":"035419008","brgy_name":"San Pablo","province_code":"0354","region_code":"03"},{"brgy_code":"035419009","brgy_name":"San Pedro","province_code":"0354","region_code":"03"},{"brgy_code":"035419010","brgy_name":"San Roque","province_code":"0354","region_code":"03"},{"brgy_code":"035419011","brgy_name":"Santa Lucia","province_code":"0354","region_code":"03"},{"brgy_code":"035419012","brgy_name":"Santa Maria","province_code":"0354","region_code":"03"},{"brgy_code":"035419013","brgy_name":"Santiago","province_code":"0354","region_code":"03"},{"brgy_code":"035419014","brgy_name":"Santo Rosario","province_code":"0354","region_code":"03"}]