[{"brgy_code":"035407002","brgy_name":"Bancal","province_code":"0354","region_code":"03"},{"brgy_code":"035407004","brgy_name":"Jose Abad Santos (Siran)","province_code":"0354","region_code":"03"},{"brgy_code":"035407005","brgy_name":"Lambac","province_code":"0354","region_code":"03"},{"brgy_code":"035407006","brgy_name":"Magsaysay","province_code":"0354","region_code":"03"},{"brgy_code":"035407007","brgy_name":"Maquiapo","province_code":"0354","region_code":"03"},{"brgy_code":"035407008","brgy_name":"Natividad","province_code":"0354","region_code":"03"},{"brgy_code":"035407009","brgy_name":"Plaza Burgos (Pob.)","province_code":"0354","region_code":"03"},{"brgy_code":"035407010","brgy_name":"Pulungmasle","province_code":"0354","region_code":"03"},{"brgy_code":"035407011","brgy_name":"Rizal","province_code":"0354","region_code":"03"},{"brgy_code":"035407012","brgy_name":"San Agustin","province_code":"0354","region_code":"03"},{"brgy_code":"035407013","brgy_name":"San Antonio","province_code":"0354","region_code":"03"},{"brgy_code":"035407014","brgy_name":"San Isidro","province_code":"0354","region_code":"03"},{"brgy_code":"035407015","brgy_name":"San Jose","province_code":"0354","region_code":"03"},{"brgy_code":"035407016","brgy_name":"San Juan Bautista","province_code":"0354","region_code":"03"},{"brgy_code":"035407017","brgy_name":"San Juan Nepomuceno","province_code":"0354","region_code":"03"},{"brgy_code":"035407018","brgy_name":"San Matias","province_code":"0354","region_code":"03"},{"brgy_code":"035407019","brgy_name":"San Miguel (Betis)","province_code":"0354","region_code":"03"},{"brgy_code":"035407020","brgy_name":"San Nicolas 1st","province_code":"0354","region_code":"03"},{"brgy_code":"035407021","brgy_name":"San Nicolas 2nd","province_code":"0354","region_code":"03"},{"brgy_code":"035407022","brgy_name":"San Pablo","province_code":"0354","region_code":"03"},{"brgy_code":"035407023","brgy_name":"San Pedro","province_code":"0354","region_code":"03"},{"brgy_code":"035407024","brgy_name":"San Rafael (Duck Island)","province_code":"0354","region_code":"03"},{"brgy_code":"035407025","brgy_name":"San Roque","province_code":"0354","region_code":"03"},{"brgy_code":"035407026","brgy_name":"San Vicente (Ibus)","province_code":"0354","region_code":"03"},{"brgy_code":"035407027","brgy_name":"San Juan","province_code":"0354","region_code":"03"},{"brgy_code":"035407028","brgy_name":"Santa Filomena (Pob.)","province_code":"0354","region_code":"03"},{"brgy_code":"035407029","brgy_name":"Santa Ines","province_code":"0354","region_code":"03"},{"brgy_code":"035407030","brgy_name":"Santa Ursula","province_code":"0354","region_code":"03"},{"brgy_code":"035407031","brgy_name":"Santo Cristo","province_code":"0354","region_code":"03"},{"brgy_code":"035407033","brgy_name":"Santo Niño (Pob.)","province_code":"0354","region_code":"03"},{"brgy_code":"035407034","brgy_name":"Ascomo","province_code":"0354","region_code":"03"}]