[{"brgy_code":"035410001","brgy_name":"Batasan","province_code":"0354","region_code":"03"},{"brgy_code":"035410002","brgy_name":"Caduang Tete","province_code":"0354","region_code":"03"},{"brgy_code":"035410003","brgy_name":"Candelaria","province_code":"0354","region_code":"03"},{"brgy_code":"035410004","brgy_name":"Castuli","province_code":"0354","region_code":"03"},{"brgy_code":"035410005","brgy_name":"Consuelo","province_code":"0354","region_code":"03"},{"brgy_code":"035410006","brgy_name":"Dalayap","province_code":"0354","region_code":"03"},{"brgy_code":"035410007","brgy_name":"Mataguiti","province_code":"0354","region_code":"03"},{"brgy_code":"035410008","brgy_name":"San Esteban","province_code":"0354","region_code":"03"},{"brgy_code":"035410009","brgy_name":"San Francisco","province_code":"0354","region_code":"03"},{"brgy_code":"035410010","brgy_name":"San Gabriel (Pob.)","province_code":"0354","region_code":"03"},{"brgy_code":"035410011","brgy_name":"San Isidro","province_code":"0354","region_code":"03"},{"brgy_code":"035410012","brgy_name":"San Jose","province_code":"0354","region_code":"03"},{"brgy_code":"035410013","brgy_name":"San Juan","province_code":"0354","region_code":"03"},{"brgy_code":"035410014","brgy_name":"San Rafael","province_code":"0354","region_code":"03"},{"brgy_code":"035410015","brgy_name":"San Roque","province_code":"0354","region_code":"03"},{"brgy_code":"035410016","brgy_name":"San Vicente","province_code":"0354","region_code":"03"},{"brgy_code":"035410017","brgy_name":"Santa Cruz (Pob.)","province_code":"0354","region_code":"03"},{"brgy_code":"035410018","brgy_name":"Santa Lutgarda","province_code":"0354","region_code":"03"},{"brgy_code":"035410019","brgy_name":"Santa Maria","province_code":"0354","region_code":"03"},{"brgy_code":"035410020","brgy_name":"Santa Rita (Pob.)","province_code":"0354","region_code":"03"},{"brgy_code":"035410021","brgy_name":"Santo Niño","province_code":"0354","region_code":"03"},{"brgy_code":"035410022","brgy_name":"Santo Rosario (Pob.)","province_code":"0354","region_code":"03"},{"brgy_code":"035410023","brgy_name":"Saplad David","province_code":"0354","region_code":"03"},{"brgy_code":"035410024","brgy_name":"Tacasan","province_code":"0354","region_code":"03"},{"brgy_code":"035410025","brgy_name":"Telacsan","province_code":"0354","region_code":"03"}]