[{"brgy_code":"035417001","brgy_name":"San Agustin","province_code":"0354","region_code":"03"},{"brgy_code":"035417002","brgy_name":"San Carlos","province_code":"0354","region_code":"03"},{"brgy_code":"035417003","brgy_name":"San Isidro","province_code":"0354","region_code":"03"},{"brgy_code":"035417004","brgy_name":"San Jose","province_code":"0354","region_code":"03"},{"brgy_code":"035417005","brgy_name":"San Juan","province_code":"0354","region_code":"03"},{"brgy_code":"035417006","brgy_name":"San Nicolas","province_code":"0354","region_code":"03"},{"brgy_code":"035417008","brgy_name":"San Roque","province_code":"0354","region_code":"03"},{"brgy_code":"035417009","brgy_name":"San Sebastian","province_code":"0354","region_code":"03"},{"brgy_code":"035417010","brgy_name":"Santa Catalina","province_code":"0354","region_code":"03"},{"brgy_code":"035417011","brgy_name":"Santa Cruz Pambilog","province_code":"0354","region_code":"03"},{"brgy_code":"035417012","brgy_name":"Santa Cruz Poblacion","province_code":"0354","region_code":"03"},{"brgy_code":"035417013","brgy_name":"Santa Lucia","province_code":"0354","region_code":"03"},{"brgy_code":"035417014","brgy_name":"Santa Monica","province_code":"0354","region_code":"03"},{"brgy_code":"035417015","brgy_name":"Santa Rita","province_code":"0354","region_code":"03"},{"brgy_code":"035417016","brgy_name":"Santo Niño","province_code":"0354","region_code":"03"},{"brgy_code":"035417017","brgy_name":"Santo Rosario","province_code":"0354","region_code":"03"},{"brgy_code":"035417018","brgy_name":"Santo Tomas","province_code":"0354","region_code":"03"}]