[{"brgy_code":"035403001","brgy_name":"Arenas","province_code":"0354","region_code":"03"},{"brgy_code":"035403002","brgy_name":"Baliti","province_code":"0354","region_code":"03"},{"brgy_code":"035403003","brgy_name":"Batasan","province_code":"0354","region_code":"03"},{"brgy_code":"035403005","brgy_name":"Buensuceso","province_code":"0354","region_code":"03"},{"brgy_code":"035403007","brgy_name":"Candating","province_code":"0354","region_code":"03"},{"brgy_code":"035403008","brgy_name":"Gatiawin","province_code":"0354","region_code":"03"},{"brgy_code":"035403009","brgy_name":"Guemasan","province_code":"0354","region_code":"03"},{"brgy_code":"035403010","brgy_name":"La Paz (Turu)","province_code":"0354","region_code":"03"},{"brgy_code":"035403011","brgy_name":"Lacmit","province_code":"0354","region_code":"03"},{"brgy_code":"035403012","brgy_name":"Lacquios","province_code":"0354","region_code":"03"},{"brgy_code":"035403013","brgy_name":"Mangga-Cacutud","province_code":"0354","region_code":"03"},{"brgy_code":"035403014","brgy_name":"Mapalad","province_code":"0354","region_code":"03"},{"brgy_code":"035403015","brgy_name":"Panlinlang","province_code":"0354","region_code":"03"},{"brgy_code":"035403016","brgy_name":"Paralaya","province_code":"0354","region_code":"03"},{"brgy_code":"035403017","brgy_name":"Plazang Luma","province_code":"0354","region_code":"03"},{"brgy_code":"035403018","brgy_name":"Poblacion","province_code":"0354","region_code":"03"},{"brgy_code":"035403020","brgy_name":"San Agustin Norte","province_code":"0354","region_code":"03"},{"brgy_code":"035403021","brgy_name":"San Agustin Sur","province_code":"0354","region_code":"03"},{"brgy_code":"035403022","brgy_name":"San Antonio","province_code":"0354","region_code":"03"},{"brgy_code":"035403025","brgy_name":"San Jose Mesulo","province_code":"0354","region_code":"03"},{"brgy_code":"035403026","brgy_name":"San Juan Bano","province_code":"0354","region_code":"03"},{"brgy_code":"035403027","brgy_name":"San Mateo","province_code":"0354","region_code":"03"},{"brgy_code":"035403028","brgy_name":"San Nicolas","province_code":"0354","region_code":"03"},{"brgy_code":"035403029","brgy_name":"San Roque Bitas","province_code":"0354","region_code":"03"},{"brgy_code":"035403030","brgy_name":"Cupang (Santa Lucia)","province_code":"0354","region_code":"03"},{"brgy_code":"035403031","brgy_name":"Matamo (Santa Lucia)","province_code":"0354","region_code":"03"},{"brgy_code":"035403032","brgy_name":"Santo Niño Tabuan","province_code":"0354","region_code":"03"},{"brgy_code":"035403034","brgy_name":"Suclayin","province_code":"0354","region_code":"03"},{"brgy_code":"035403035","brgy_name":"Telapayong","province_code":"0354","region_code":"03"},{"brgy_code":"035403036","brgy_name":"Kaledian (Camba)","province_code":"0354","region_code":"03"}]