[{"brgy_code":"035405001","brgy_name":"Bahay Pare","province_code":"0354","region_code":"03"},{"brgy_code":"035405002","brgy_name":"Bambang","province_code":"0354","region_code":"03"},{"brgy_code":"035405003","brgy_name":"Barangca","province_code":"0354","region_code":"03"},{"brgy_code":"035405004","brgy_name":"Barit","province_code":"0354","region_code":"03"},{"brgy_code":"035405005","brgy_name":"Buas (Pob.)","province_code":"0354","region_code":"03"},{"brgy_code":"035405008","brgy_name":"Cuayang Bugtong","province_code":"0354","region_code":"03"},{"brgy_code":"035405009","brgy_name":"Dalayap","province_code":"0354","region_code":"03"},{"brgy_code":"035405010","brgy_name":"Dulong Ilog","province_code":"0354","region_code":"03"},{"brgy_code":"035405011","brgy_name":"Gulap","province_code":"0354","region_code":"03"},{"brgy_code":"035405012","brgy_name":"Lanang","province_code":"0354","region_code":"03"},{"brgy_code":"035405013","brgy_name":"Lourdes","province_code":"0354","region_code":"03"},{"brgy_code":"035405014","brgy_name":"Magumbali","province_code":"0354","region_code":"03"},{"brgy_code":"035405015","brgy_name":"Mandasig","province_code":"0354","region_code":"03"},{"brgy_code":"035405016","brgy_name":"Mandili","province_code":"0354","region_code":"03"},{"brgy_code":"035405017","brgy_name":"Mangga","province_code":"0354","region_code":"03"},{"brgy_code":"035405018","brgy_name":"Mapaniqui","province_code":"0354","region_code":"03"},{"brgy_code":"035405020","brgy_name":"Paligui","province_code":"0354","region_code":"03"},{"brgy_code":"035405021","brgy_name":"Pangclara","province_code":"0354","region_code":"03"},{"brgy_code":"035405022","brgy_name":"Pansinao","province_code":"0354","region_code":"03"},{"brgy_code":"035405023","brgy_name":"Paralaya (Pob.)","province_code":"0354","region_code":"03"},{"brgy_code":"035405024","brgy_name":"Pasig","province_code":"0354","region_code":"03"},{"brgy_code":"035405025","brgy_name":"Pescadores (Pob.)","province_code":"0354","region_code":"03"},{"brgy_code":"035405026","brgy_name":"Pulong Gubat","province_code":"0354","region_code":"03"},{"brgy_code":"035405027","brgy_name":"Pulong Palazan","province_code":"0354","region_code":"03"},{"brgy_code":"035405028","brgy_name":"Salapungan","province_code":"0354","region_code":"03"},{"brgy_code":"035405029","brgy_name":"San Agustin (Pob.)","province_code":"0354","region_code":"03"},{"brgy_code":"035405031","brgy_name":"Santo Rosario","province_code":"0354","region_code":"03"},{"brgy_code":"035405032","brgy_name":"Tagulod","province_code":"0354","region_code":"03"},{"brgy_code":"035405033","brgy_name":"Talang","province_code":"0354","region_code":"03"},{"brgy_code":"035405034","brgy_name":"Tenejero","province_code":"0354","region_code":"03"},{"brgy_code":"035405035","brgy_name":"Vizal San Pablo","province_code":"0354","region_code":"03"},{"brgy_code":"035405036","brgy_name":"Vizal Santo Cristo","province_code":"0354","region_code":"03"},{"brgy_code":"035405037","brgy_name":"Vizal Santo Niño","province_code":"0354","region_code":"03"}]