[{"brgy_code":"035412001","brgy_name":"Alauli","province_code":"0354","region_code":"03"},{"brgy_code":"035412003","brgy_name":"Bagang","province_code":"0354","region_code":"03"},{"brgy_code":"035412004","brgy_name":"Balibago","province_code":"0354","region_code":"03"},{"brgy_code":"035412006","brgy_name":"Bebe Anac","province_code":"0354","region_code":"03"},{"brgy_code":"035412007","brgy_name":"Bebe Matua","province_code":"0354","region_code":"03"},{"brgy_code":"035412008","brgy_name":"Bulacus","province_code":"0354","region_code":"03"},{"brgy_code":"035412009","brgy_name":"San Agustin (Caingin)","province_code":"0354","region_code":"03"},{"brgy_code":"035412010","brgy_name":"Santa Monica (Caingin)","province_code":"0354","region_code":"03"},{"brgy_code":"035412011","brgy_name":"Cambasi","province_code":"0354","region_code":"03"},{"brgy_code":"035412012","brgy_name":"Malauli","province_code":"0354","region_code":"03"},{"brgy_code":"035412013","brgy_name":"Nigui","province_code":"0354","region_code":"03"},{"brgy_code":"035412014","brgy_name":"Palimpe","province_code":"0354","region_code":"03"},{"brgy_code":"035412015","brgy_name":"Puti","province_code":"0354","region_code":"03"},{"brgy_code":"035412016","brgy_name":"Sagrada (Tibagin)","province_code":"0354","region_code":"03"},{"brgy_code":"035412017","brgy_name":"San Isidro Anac","province_code":"0354","region_code":"03"},{"brgy_code":"035412018","brgy_name":"San Isidro Matua (Pob.)","province_code":"0354","region_code":"03"},{"brgy_code":"035412019","brgy_name":"San Nicolas (Pob.)","province_code":"0354","region_code":"03"},{"brgy_code":"035412020","brgy_name":"San Pedro","province_code":"0354","region_code":"03"},{"brgy_code":"035412021","brgy_name":"Santa Cruz","province_code":"0354","region_code":"03"},{"brgy_code":"035412023","brgy_name":"Santa Lucia Matua","province_code":"0354","region_code":"03"},{"brgy_code":"035412024","brgy_name":"Santa Lucia Paguiba","province_code":"0354","region_code":"03"},{"brgy_code":"035412025","brgy_name":"Santa Lucia Wakas","province_code":"0354","region_code":"03"},{"brgy_code":"035412026","brgy_name":"Santa Lucia Anac (Pob.)","province_code":"0354","region_code":"03"},{"brgy_code":"035412027","brgy_name":"Sapang Kawayan","province_code":"0354","region_code":"03"},{"brgy_code":"035412028","brgy_name":"Sua","province_code":"0354","region_code":"03"},{"brgy_code":"035412029","brgy_name":"Santo Niño","province_code":"0354","region_code":"03"}]