[{"brgy_code":"035411001","brgy_name":"Camias","province_code":"0354","region_code":"03"},{"brgy_code":"035411002","brgy_name":"Dolores","province_code":"0354","region_code":"03"},{"brgy_code":"035411003","brgy_name":"Escaler","province_code":"0354","region_code":"03"},{"brgy_code":"035411004","brgy_name":"La Paz","province_code":"0354","region_code":"03"},{"brgy_code":"035411005","brgy_name":"Navaling","province_code":"0354","region_code":"03"},{"brgy_code":"035411006","brgy_name":"San Agustin","province_code":"0354","region_code":"03"},{"brgy_code":"035411007","brgy_name":"San Antonio","province_code":"0354","region_code":"03"},{"brgy_code":"035411008","brgy_name":"San Franciso","province_code":"0354","region_code":"03"},{"brgy_code":"035411009","brgy_name":"San Ildefonso","province_code":"0354","region_code":"03"},{"brgy_code":"035411010","brgy_name":"San Isidro","province_code":"0354","region_code":"03"},{"brgy_code":"035411011","brgy_name":"San Jose","province_code":"0354","region_code":"03"},{"brgy_code":"035411012","brgy_name":"San Miguel","province_code":"0354","region_code":"03"},{"brgy_code":"035411013","brgy_name":"San Nicolas 1st (Pob.)","province_code":"0354","region_code":"03"},{"brgy_code":"035411014","brgy_name":"San Nicolas 2nd","province_code":"0354","region_code":"03"},{"brgy_code":"035411015","brgy_name":"San Pablo (Pob.)","province_code":"0354","region_code":"03"},{"brgy_code":"035411016","brgy_name":"San Pedro I","province_code":"0354","region_code":"03"},{"brgy_code":"035411017","brgy_name":"San Pedro II","province_code":"0354","region_code":"03"},{"brgy_code":"035411018","brgy_name":"San Roque","province_code":"0354","region_code":"03"},{"brgy_code":"035411019","brgy_name":"San Vicente","province_code":"0354","region_code":"03"},{"brgy_code":"035411020","brgy_name":"Santa Cruz (Pob.)","province_code":"0354","region_code":"03"},{"brgy_code":"035411021","brgy_name":"Santa Lucia","province_code":"0354","region_code":"03"},{"brgy_code":"035411022","brgy_name":"Santa Maria","province_code":"0354","region_code":"03"},{"brgy_code":"035411023","brgy_name":"Santo Niño","province_code":"0354","region_code":"03"},{"brgy_code":"035411024","brgy_name":"Santo Rosario","province_code":"0354","region_code":"03"},{"brgy_code":"035411025","brgy_name":"Bucanan","province_code":"0354","region_code":"03"},{"brgy_code":"035411026","brgy_name":"Turu","province_code":"0354","region_code":"03"},{"brgy_code":"035411027","brgy_name":"Ayala","province_code":"0354","region_code":"03"}]