[{"brgy_code":"035418001","brgy_name":"Concepcion","province_code":"0354","region_code":"03"},{"brgy_code":"035418002","brgy_name":"De La Paz","province_code":"0354","region_code":"03"},{"brgy_code":"035418003","brgy_name":"San Juan (Pob.)","province_code":"0354","region_code":"03"},{"brgy_code":"035418004","brgy_name":"San Agustin","province_code":"0354","region_code":"03"},{"brgy_code":"035418005","brgy_name":"San Isidro","province_code":"0354","region_code":"03"},{"brgy_code":"035418006","brgy_name":"San Jose","province_code":"0354","region_code":"03"},{"brgy_code":"035418007","brgy_name":"San Miguel","province_code":"0354","region_code":"03"},{"brgy_code":"035418008","brgy_name":"San Nicolas","province_code":"0354","region_code":"03"},{"brgy_code":"035418009","brgy_name":"San Pablo Libutad","province_code":"0354","region_code":"03"},{"brgy_code":"035418010","brgy_name":"San Pablo Proper","province_code":"0354","region_code":"03"},{"brgy_code":"035418011","brgy_name":"San Pedro","province_code":"0354","region_code":"03"},{"brgy_code":"035418012","brgy_name":"Santa Cruz","province_code":"0354","region_code":"03"},{"brgy_code":"035418013","brgy_name":"Santa Monica","province_code":"0354","region_code":"03"},{"brgy_code":"035418014","brgy_name":"Santo Niño","province_code":"0354","region_code":"03"}]