[{"brgy_code":"035413001","brgy_name":"Acli","province_code":"0354","region_code":"03"},{"brgy_code":"035413002","brgy_name":"Anao","province_code":"0354","region_code":"03"},{"brgy_code":"035413003","brgy_name":"Balas","province_code":"0354","region_code":"03"},{"brgy_code":"035413004","brgy_name":"Buenavista","province_code":"0354","region_code":"03"},{"brgy_code":"035413005","brgy_name":"Camuning","province_code":"0354","region_code":"03"},{"brgy_code":"035413006","brgy_name":"Cawayan","province_code":"0354","region_code":"03"},{"brgy_code":"035413007","brgy_name":"Concepcion","province_code":"0354","region_code":"03"},{"brgy_code":"035413008","brgy_name":"Culubasa","province_code":"0354","region_code":"03"},{"brgy_code":"035413009","brgy_name":"Divisoria","province_code":"0354","region_code":"03"},{"brgy_code":"035413010","brgy_name":"Dolores (Piring)","province_code":"0354","region_code":"03"},{"brgy_code":"035413011","brgy_name":"Eden","province_code":"0354","region_code":"03"},{"brgy_code":"035413012","brgy_name":"Gandus","province_code":"0354","region_code":"03"},{"brgy_code":"035413013","brgy_name":"Lagundi","province_code":"0354","region_code":"03"},{"brgy_code":"035413014","brgy_name":"Laput","province_code":"0354","region_code":"03"},{"brgy_code":"035413015","brgy_name":"Laug","province_code":"0354","region_code":"03"},{"brgy_code":"035413017","brgy_name":"Masamat","province_code":"0354","region_code":"03"},{"brgy_code":"035413018","brgy_name":"Masangsang","province_code":"0354","region_code":"03"},{"brgy_code":"035413020","brgy_name":"Nueva Victoria","province_code":"0354","region_code":"03"},{"brgy_code":"035413021","brgy_name":"Pandacaqui","province_code":"0354","region_code":"03"},{"brgy_code":"035413022","brgy_name":"Pangatlan","province_code":"0354","region_code":"03"},{"brgy_code":"035413023","brgy_name":"Panipuan","province_code":"0354","region_code":"03"},{"brgy_code":"035413024","brgy_name":"Parian (Pob.)","province_code":"0354","region_code":"03"},{"brgy_code":"035413025","brgy_name":"Sabanilla","province_code":"0354","region_code":"03"},{"brgy_code":"035413026","brgy_name":"San Antonio","province_code":"0354","region_code":"03"},{"brgy_code":"035413027","brgy_name":"San Carlos","province_code":"0354","region_code":"03"},{"brgy_code":"035413029","brgy_name":"San Jose Malino","province_code":"0354","region_code":"03"},{"brgy_code":"035413030","brgy_name":"San Jose Matulid","province_code":"0354","region_code":"03"},{"brgy_code":"035413031","brgy_name":"San Juan","province_code":"0354","region_code":"03"},{"brgy_code":"035413032","brgy_name":"San Lorenzo","province_code":"0354","region_code":"03"},{"brgy_code":"035413033","brgy_name":"San Miguel","province_code":"0354","region_code":"03"},{"brgy_code":"035413034","brgy_name":"San Nicolas","province_code":"0354","region_code":"03"},{"brgy_code":"035413035","brgy_name":"San Pablo","province_code":"0354","region_code":"03"},{"brgy_code":"035413036","brgy_name":"San Patricio","province_code":"0354","region_code":"03"},{"brgy_code":"035413037","brgy_name":"San Rafael","province_code":"0354","region_code":"03"},{"brgy_code":"035413038","brgy_name":"San Roque","province_code":"0354","region_code":"03"},{"brgy_code":"035413039","brgy_name":"San Vicente","province_code":"0354","region_code":"03"},{"brgy_code":"035413040","brgy_name":"Santa Cruz","province_code":"0354","region_code":"03"},{"brgy_code":"035413041","brgy_name":"Santa Maria","province_code":"0354","region_code":"03"},{"brgy_code":"035413042","brgy_name":"Santo Domingo","province_code":"0354","region_code":"03"},{"brgy_code":"035413043","brgy_name":"Santo Rosario","province_code":"0354","region_code":"03"},{"brgy_code":"035413044","brgy_name":"Sapang Maisac","province_code":"0354","region_code":"03"},{"brgy_code":"035413045","brgy_name":"Suclaban","province_code":"0354","region_code":"03"},{"brgy_code":"035413046","brgy_name":"Tangle (Tanglay)","province_code":"0354","region_code":"03"}]