[{"brgy_code":"037110001","brgy_name":"Amagna (Pob.)","province_code":"0371","region_code":"03"},{"brgy_code":"037110002","brgy_name":"Apostol (Pob.)","province_code":"0371","region_code":"03"},{"brgy_code":"037110003","brgy_name":"Balincaguing","province_code":"0371","region_code":"03"},{"brgy_code":"037110004","brgy_name":"Farañal (Pob.)","province_code":"0371","region_code":"03"},{"brgy_code":"037110005","brgy_name":"Feria (Pob.)","province_code":"0371","region_code":"03"},{"brgy_code":"037110006","brgy_name":"Maloma","province_code":"0371","region_code":"03"},{"brgy_code":"037110007","brgy_name":"Manglicmot (Pob.)","province_code":"0371","region_code":"03"},{"brgy_code":"037110008","brgy_name":"Rosete (Pob.)","province_code":"0371","region_code":"03"},{"brgy_code":"037110009","brgy_name":"San Rafael","province_code":"0371","region_code":"03"},{"brgy_code":"037110011","brgy_name":"Santo Niño","province_code":"0371","region_code":"03"},{"brgy_code":"037110012","brgy_name":"Sindol","province_code":"0371","region_code":"03"}]