[{"brgy_code":"041028001","brgy_name":"Barangay I (Pob.)","province_code":"0410","region_code":"04"},{"brgy_code":"041028002","brgy_name":"Barangay II (Pob.)","province_code":"0410","region_code":"04"},{"brgy_code":"041028003","brgy_name":"Barangay III (Pob.)","province_code":"0410","region_code":"04"},{"brgy_code":"041028004","brgy_name":"Barangay IV (Pob.)","province_code":"0410","region_code":"04"},{"brgy_code":"041028005","brgy_name":"San Agustin","province_code":"0410","region_code":"04"},{"brgy_code":"041028006","brgy_name":"San Antonio","province_code":"0410","region_code":"04"},{"brgy_code":"041028007","brgy_name":"San Bartolome","province_code":"0410","region_code":"04"},{"brgy_code":"041028008","brgy_name":"San Felix","province_code":"0410","region_code":"04"},{"brgy_code":"041028009","brgy_name":"San Fernando","province_code":"0410","region_code":"04"},{"brgy_code":"041028010","brgy_name":"San Francisco","province_code":"0410","region_code":"04"},{"brgy_code":"041028011","brgy_name":"San Isidro Norte","province_code":"0410","region_code":"04"},{"brgy_code":"041028012","brgy_name":"San Isidro Sur","province_code":"0410","region_code":"04"},{"brgy_code":"041028013","brgy_name":"San Joaquin","province_code":"0410","region_code":"04"},{"brgy_code":"041028014","brgy_name":"San Jose","province_code":"0410","region_code":"04"},{"brgy_code":"041028015","brgy_name":"San Juan","province_code":"0410","region_code":"04"},{"brgy_code":"041028016","brgy_name":"San Luis","province_code":"0410","region_code":"04"},{"brgy_code":"041028017","brgy_name":"San Miguel","province_code":"0410","region_code":"04"},{"brgy_code":"041028018","brgy_name":"San Pablo","province_code":"0410","region_code":"04"},{"brgy_code":"041028019","brgy_name":"San Pedro","province_code":"0410","region_code":"04"},{"brgy_code":"041028020","brgy_name":"San Rafael","province_code":"0410","region_code":"04"},{"brgy_code":"041028021","brgy_name":"San Roque","province_code":"0410","region_code":"04"},{"brgy_code":"041028022","brgy_name":"San Vicente","province_code":"0410","region_code":"04"},{"brgy_code":"041028023","brgy_name":"Santa Ana","province_code":"0410","region_code":"04"},{"brgy_code":"041028024","brgy_name":"Santa Anastacia","province_code":"0410","region_code":"04"},{"brgy_code":"041028025","brgy_name":"Santa Clara","province_code":"0410","region_code":"04"},{"brgy_code":"041028026","brgy_name":"Santa Cruz","province_code":"0410","region_code":"04"},{"brgy_code":"041028027","brgy_name":"Santa Elena","province_code":"0410","region_code":"04"},{"brgy_code":"041028028","brgy_name":"Santa Maria","province_code":"0410","region_code":"04"},{"brgy_code":"041028029","brgy_name":"Santiago","province_code":"0410","region_code":"04"},{"brgy_code":"041028030","brgy_name":"Santa Teresita","province_code":"0410","region_code":"04"}]