[{"brgy_code":"041024001","brgy_name":"Abiacao","province_code":"0410","region_code":"04"},{"brgy_code":"041024002","brgy_name":"Bagong Tubig","province_code":"0410","region_code":"04"},{"brgy_code":"041024003","brgy_name":"Balagtasin","province_code":"0410","region_code":"04"},{"brgy_code":"041024004","brgy_name":"Balite","province_code":"0410","region_code":"04"},{"brgy_code":"041024005","brgy_name":"Banoyo","province_code":"0410","region_code":"04"},{"brgy_code":"041024006","brgy_name":"Boboy","province_code":"0410","region_code":"04"},{"brgy_code":"041024007","brgy_name":"Bonliw","province_code":"0410","region_code":"04"},{"brgy_code":"041024008","brgy_name":"Calumpang West","province_code":"0410","region_code":"04"},{"brgy_code":"041024009","brgy_name":"Calumpang East","province_code":"0410","region_code":"04"},{"brgy_code":"041024010","brgy_name":"Dulangan","province_code":"0410","region_code":"04"},{"brgy_code":"041024011","brgy_name":"Durungao","province_code":"0410","region_code":"04"},{"brgy_code":"041024012","brgy_name":"Locloc","province_code":"0410","region_code":"04"},{"brgy_code":"041024013","brgy_name":"Luya","province_code":"0410","region_code":"04"},{"brgy_code":"041024014","brgy_name":"Mahabang Parang","province_code":"0410","region_code":"04"},{"brgy_code":"041024015","brgy_name":"Manggahan","province_code":"0410","region_code":"04"},{"brgy_code":"041024016","brgy_name":"Muzon","province_code":"0410","region_code":"04"},{"brgy_code":"041024019","brgy_name":"San Antonio","province_code":"0410","region_code":"04"},{"brgy_code":"041024020","brgy_name":"San Isidro","province_code":"0410","region_code":"04"},{"brgy_code":"041024021","brgy_name":"San Jose","province_code":"0410","region_code":"04"},{"brgy_code":"041024022","brgy_name":"San Martin","province_code":"0410","region_code":"04"},{"brgy_code":"041024023","brgy_name":"Santa Monica","province_code":"0410","region_code":"04"},{"brgy_code":"041024024","brgy_name":"Taliba","province_code":"0410","region_code":"04"},{"brgy_code":"041024025","brgy_name":"Talon","province_code":"0410","region_code":"04"},{"brgy_code":"041024026","brgy_name":"Tejero","province_code":"0410","region_code":"04"},{"brgy_code":"041024027","brgy_name":"Tungal","province_code":"0410","region_code":"04"},{"brgy_code":"041024028","brgy_name":"Poblacion","province_code":"0410","region_code":"04"}]