[{"brgy_code":"042106003","brgy_name":"Burol","province_code":"0421","region_code":"04"},{"brgy_code":"042106005","brgy_name":"Langkaan I","province_code":"0421","region_code":"04"},{"brgy_code":"042106008","brgy_name":"Paliparan I","province_code":"0421","region_code":"04"},{"brgy_code":"042106010","brgy_name":"Sabang","province_code":"0421","region_code":"04"},{"brgy_code":"042106011","brgy_name":"Salawag","province_code":"0421","region_code":"04"},{"brgy_code":"042106012","brgy_name":"Salitran I","province_code":"0421","region_code":"04"},{"brgy_code":"042106013","brgy_name":"Sampaloc I","province_code":"0421","region_code":"04"},{"brgy_code":"042106014","brgy_name":"San Agustin I","province_code":"0421","region_code":"04"},{"brgy_code":"042106015","brgy_name":"San Jose","province_code":"0421","region_code":"04"},{"brgy_code":"042106016","brgy_name":"Zone I (Pob.)","province_code":"0421","region_code":"04"},{"brgy_code":"042106017","brgy_name":"Zone II (Pob.)","province_code":"0421","region_code":"04"},{"brgy_code":"042106018","brgy_name":"Zone III (Pob.)","province_code":"0421","region_code":"04"},{"brgy_code":"042106019","brgy_name":"Zone IV (Pob.)","province_code":"0421","region_code":"04"},{"brgy_code":"042106020","brgy_name":"Datu Esmael (Bago-a-ingud)","province_code":"0421","region_code":"04"},{"brgy_code":"042106021","brgy_name":"Emmanuel Bergado I","province_code":"0421","region_code":"04"},{"brgy_code":"042106022","brgy_name":"Fatima I","province_code":"0421","region_code":"04"},{"brgy_code":"042106023","brgy_name":"Luzviminda I","province_code":"0421","region_code":"04"},{"brgy_code":"042106024","brgy_name":"Saint Peter I","province_code":"0421","region_code":"04"},{"brgy_code":"042106025","brgy_name":"San Andres I","province_code":"0421","region_code":"04"},{"brgy_code":"042106026","brgy_name":"San Antonio De Padua I","province_code":"0421","region_code":"04"},{"brgy_code":"042106027","brgy_name":"San Dionisio (Barangay 1)","province_code":"0421","region_code":"04"},{"brgy_code":"042106028","brgy_name":"San Esteban (Barangay 4)","province_code":"0421","region_code":"04"},{"brgy_code":"042106029","brgy_name":"San Francisco I","province_code":"0421","region_code":"04"},{"brgy_code":"042106030","brgy_name":"San Isidro Labrador I","province_code":"0421","region_code":"04"},{"brgy_code":"042106031","brgy_name":"San Juan (San Juan I)","province_code":"0421","region_code":"04"},{"brgy_code":"042106032","brgy_name":"San Lorenzo Ruiz I","province_code":"0421","region_code":"04"},{"brgy_code":"042106033","brgy_name":"San Luis I","province_code":"0421","region_code":"04"},{"brgy_code":"042106034","brgy_name":"San Manuel I","province_code":"0421","region_code":"04"},{"brgy_code":"042106035","brgy_name":"San Mateo","province_code":"0421","region_code":"04"},{"brgy_code":"042106036","brgy_name":"San Miguel","province_code":"0421","region_code":"04"},{"brgy_code":"042106037","brgy_name":"San Nicolas I","province_code":"0421","region_code":"04"},{"brgy_code":"042106038","brgy_name":"San Roque (Sta. Cristina II)","province_code":"0421","region_code":"04"},{"brgy_code":"042106039","brgy_name":"San Simon (Barangay 7)","province_code":"0421","region_code":"04"},{"brgy_code":"042106040","brgy_name":"Santa Cristina I","province_code":"0421","region_code":"04"},{"brgy_code":"042106041","brgy_name":"Santa Cruz I","province_code":"0421","region_code":"04"},{"brgy_code":"042106042","brgy_name":"Santa Fe","province_code":"0421","region_code":"04"},{"brgy_code":"042106043","brgy_name":"Santa Lucia (San Juan II)","province_code":"0421","region_code":"04"},{"brgy_code":"042106044","brgy_name":"Santa Maria (Barangay 20)","province_code":"0421","region_code":"04"},{"brgy_code":"042106045","brgy_name":"Santo Cristo (Barangay 3)","province_code":"0421","region_code":"04"},{"brgy_code":"042106046","brgy_name":"Santo Niño I","province_code":"0421","region_code":"04"},{"brgy_code":"042106047","brgy_name":"Burol I","province_code":"0421","region_code":"04"},{"brgy_code":"042106048","brgy_name":"Burol II","province_code":"0421","region_code":"04"},{"brgy_code":"042106049","brgy_name":"Burol III","province_code":"0421","region_code":"04"},{"brgy_code":"042106050","brgy_name":"Emmanuel Bergado II","province_code":"0421","region_code":"04"},{"brgy_code":"042106051","brgy_name":"Fatima II","province_code":"0421","region_code":"04"},{"brgy_code":"042106052","brgy_name":"Fatima III","province_code":"0421","region_code":"04"},{"brgy_code":"042106053","brgy_name":"Langkaan II","province_code":"0421","region_code":"04"},{"brgy_code":"042106054","brgy_name":"Luzviminda II","province_code":"0421","region_code":"04"},{"brgy_code":"042106055","brgy_name":"Paliparan II","province_code":"0421","region_code":"04"},{"brgy_code":"042106056","brgy_name":"Paliparan III","province_code":"0421","region_code":"04"},{"brgy_code":"042106057","brgy_name":"Saint Peter II","province_code":"0421","region_code":"04"},{"brgy_code":"042106058","brgy_name":"Salitran II","province_code":"0421","region_code":"04"},{"brgy_code":"042106059","brgy_name":"Salitran III","province_code":"0421","region_code":"04"},{"brgy_code":"042106060","brgy_name":"Salitran IV","province_code":"0421","region_code":"04"},{"brgy_code":"042106061","brgy_name":"Sampaloc II","province_code":"0421","region_code":"04"},{"brgy_code":"042106062","brgy_name":"Sampaloc III","province_code":"0421","region_code":"04"},{"brgy_code":"042106063","brgy_name":"Sampaloc IV","province_code":"0421","region_code":"04"},{"brgy_code":"042106064","brgy_name":"Sampaloc V","province_code":"0421","region_code":"04"},{"brgy_code":"042106065","brgy_name":"San Agustin II","province_code":"0421","region_code":"04"},{"brgy_code":"042106066","brgy_name":"San Agustin III","province_code":"0421","region_code":"04"},{"brgy_code":"042106067","brgy_name":"San Andres II","province_code":"0421","region_code":"04"},{"brgy_code":"042106068","brgy_name":"San Antonio De Padua II","province_code":"0421","region_code":"04"},{"brgy_code":"042106069","brgy_name":"San Francisco II","province_code":"0421","region_code":"04"},{"brgy_code":"042106070","brgy_name":"San Isidro Labrador II","province_code":"0421","region_code":"04"},{"brgy_code":"042106071","brgy_name":"San Lorenzo Ruiz II","province_code":"0421","region_code":"04"},{"brgy_code":"042106072","brgy_name":"San Luis II","province_code":"0421","region_code":"04"},{"brgy_code":"042106073","brgy_name":"San Manuel II","province_code":"0421","region_code":"04"},{"brgy_code":"042106074","brgy_name":"San Miguel II","province_code":"0421","region_code":"04"},{"brgy_code":"042106075","brgy_name":"San Nicolas II","province_code":"0421","region_code":"04"},{"brgy_code":"042106076","brgy_name":"Santa Cristina II","province_code":"0421","region_code":"04"},{"brgy_code":"042106077","brgy_name":"Santa Cruz II","province_code":"0421","region_code":"04"},{"brgy_code":"042106078","brgy_name":"Santo Niño II","province_code":"0421","region_code":"04"},{"brgy_code":"042106079","brgy_name":"Zone I-B","province_code":"0421","region_code":"04"},{"brgy_code":"042106080","brgy_name":"H-2","province_code":"0421","region_code":"04"},{"brgy_code":"042106081","brgy_name":"Victoria Reyes","province_code":"0421","region_code":"04"}]