[{"brgy_code":"043403001","brgy_name":"Biñan (Poblacion)","province_code":"0434","region_code":"04"},{"brgy_code":"043403002","brgy_name":"Bungahan","province_code":"0434","region_code":"04"},{"brgy_code":"043403003","brgy_name":"Santo Tomas (Calabuso)","province_code":"0434","region_code":"04"},{"brgy_code":"043403004","brgy_name":"Canlalay","province_code":"0434","region_code":"04"},{"brgy_code":"043403005","brgy_name":"Casile","province_code":"0434","region_code":"04"},{"brgy_code":"043403006","brgy_name":"De La Paz","province_code":"0434","region_code":"04"},{"brgy_code":"043403007","brgy_name":"Ganado","province_code":"0434","region_code":"04"},{"brgy_code":"043403008","brgy_name":"San Francisco (Halang)","province_code":"0434","region_code":"04"},{"brgy_code":"043403009","brgy_name":"Langkiwa","province_code":"0434","region_code":"04"},{"brgy_code":"043403011","brgy_name":"Loma","province_code":"0434","region_code":"04"},{"brgy_code":"043403012","brgy_name":"Malaban","province_code":"0434","region_code":"04"},{"brgy_code":"043403013","brgy_name":"Malamig","province_code":"0434","region_code":"04"},{"brgy_code":"043403014","brgy_name":"Mampalasan","province_code":"0434","region_code":"04"},{"brgy_code":"043403015","brgy_name":"Platero","province_code":"0434","region_code":"04"},{"brgy_code":"043403016","brgy_name":"Poblacion","province_code":"0434","region_code":"04"},{"brgy_code":"043403018","brgy_name":"Santo Niño","province_code":"0434","region_code":"04"},{"brgy_code":"043403019","brgy_name":"San Antonio","province_code":"0434","region_code":"04"},{"brgy_code":"043403020","brgy_name":"San Jose","province_code":"0434","region_code":"04"},{"brgy_code":"043403021","brgy_name":"San Vicente","province_code":"0434","region_code":"04"},{"brgy_code":"043403022","brgy_name":"Soro-soro","province_code":"0434","region_code":"04"},{"brgy_code":"043403023","brgy_name":"Santo Domingo","province_code":"0434","region_code":"04"},{"brgy_code":"043403024","brgy_name":"Timbao","province_code":"0434","region_code":"04"},{"brgy_code":"043403025","brgy_name":"Tubigan","province_code":"0434","region_code":"04"},{"brgy_code":"043403026","brgy_name":"Zapote","province_code":"0434","region_code":"04"}]