[{"brgy_code":"051611001","brgy_name":"Binanuaan","province_code":"0516","region_code":"05"},{"brgy_code":"051611002","brgy_name":"Caawigan","province_code":"0516","region_code":"05"},{"brgy_code":"051611003","brgy_name":"Cahabaan","province_code":"0516","region_code":"05"},{"brgy_code":"051611004","brgy_name":"Calintaan","province_code":"0516","region_code":"05"},{"brgy_code":"051611005","brgy_name":"Del Carmen","province_code":"0516","region_code":"05"},{"brgy_code":"051611006","brgy_name":"Gabon","province_code":"0516","region_code":"05"},{"brgy_code":"051611007","brgy_name":"Itomang","province_code":"0516","region_code":"05"},{"brgy_code":"051611008","brgy_name":"Poblacion","province_code":"0516","region_code":"05"},{"brgy_code":"051611009","brgy_name":"San Francisco","province_code":"0516","region_code":"05"},{"brgy_code":"051611010","brgy_name":"San Isidro","province_code":"0516","region_code":"05"},{"brgy_code":"051611011","brgy_name":"San Jose","province_code":"0516","region_code":"05"},{"brgy_code":"051611012","brgy_name":"San Nicolas","province_code":"0516","region_code":"05"},{"brgy_code":"051611013","brgy_name":"Santa Cruz","province_code":"0516","region_code":"05"},{"brgy_code":"051611014","brgy_name":"Santa Elena","province_code":"0516","region_code":"05"},{"brgy_code":"051611015","brgy_name":"Santo Niño","province_code":"0516","region_code":"05"}]