[{"brgy_code":"051720001","brgy_name":"Barobaybay","province_code":"0517","region_code":"05"},{"brgy_code":"051720002","brgy_name":"Bell (Pob.)","province_code":"0517","region_code":"05"},{"brgy_code":"051720003","brgy_name":"Carangcang","province_code":"0517","region_code":"05"},{"brgy_code":"051720004","brgy_name":"Carigsa","province_code":"0517","region_code":"05"},{"brgy_code":"051720005","brgy_name":"Casuray","province_code":"0517","region_code":"05"},{"brgy_code":"051720006","brgy_name":"Monserrat (Pob.)","province_code":"0517","region_code":"05"},{"brgy_code":"051720007","brgy_name":"Ponong","province_code":"0517","region_code":"05"},{"brgy_code":"051720008","brgy_name":"San Francisco (Pob.)","province_code":"0517","region_code":"05"},{"brgy_code":"051720009","brgy_name":"San Isidro (Pob.)","province_code":"0517","region_code":"05"},{"brgy_code":"051720010","brgy_name":"San Juan (Pob.)","province_code":"0517","region_code":"05"},{"brgy_code":"051720011","brgy_name":"San Miguel","province_code":"0517","region_code":"05"},{"brgy_code":"051720012","brgy_name":"San Pantaleon (Pob.)","province_code":"0517","region_code":"05"},{"brgy_code":"051720013","brgy_name":"Santa Lucia (Pob.)","province_code":"0517","region_code":"05"},{"brgy_code":"051720014","brgy_name":"Santa Rosa","province_code":"0517","region_code":"05"},{"brgy_code":"051720015","brgy_name":"Santo Tomas (Pob.)","province_code":"0517","region_code":"05"}]