[{"brgy_code":"051704001","brgy_name":"San Antonio","province_code":"0517","region_code":"05"},{"brgy_code":"051704002","brgy_name":"San Francisco","province_code":"0517","region_code":"05"},{"brgy_code":"051704003","brgy_name":"San Isidro (Pob.)","province_code":"0517","region_code":"05"},{"brgy_code":"051704004","brgy_name":"San Jose (Pob.)","province_code":"0517","region_code":"05"},{"brgy_code":"051704005","brgy_name":"Pagao (San Juan)","province_code":"0517","region_code":"05"},{"brgy_code":"051704006","brgy_name":"San Roque (Pob.)","province_code":"0517","region_code":"05"},{"brgy_code":"051704007","brgy_name":"Siembre","province_code":"0517","region_code":"05"},{"brgy_code":"051704008","brgy_name":"Santo Domingo","province_code":"0517","region_code":"05"}]