[{"brgy_code":"052002001","brgy_name":"Abihao","province_code":"0520","region_code":"05"},{"brgy_code":"052002002","brgy_name":"Agban","province_code":"0520","region_code":"05"},{"brgy_code":"052002003","brgy_name":"Bagong Sirang","province_code":"0520","region_code":"05"},{"brgy_code":"052002004","brgy_name":"Benticayan","province_code":"0520","region_code":"05"},{"brgy_code":"052002005","brgy_name":"Buenavista","province_code":"0520","region_code":"05"},{"brgy_code":"052002006","brgy_name":"Caragumihan","province_code":"0520","region_code":"05"},{"brgy_code":"052002007","brgy_name":"Batolinao","province_code":"0520","region_code":"05"},{"brgy_code":"052002008","brgy_name":"Danao","province_code":"0520","region_code":"05"},{"brgy_code":"052002009","brgy_name":"Sagrada","province_code":"0520","region_code":"05"},{"brgy_code":"052002010","brgy_name":"Ginitligan","province_code":"0520","region_code":"05"},{"brgy_code":"052002011","brgy_name":"Guinsaanan","province_code":"0520","region_code":"05"},{"brgy_code":"052002012","brgy_name":"J. M. Alberto","province_code":"0520","region_code":"05"},{"brgy_code":"052002013","brgy_name":"Macutal","province_code":"0520","region_code":"05"},{"brgy_code":"052002014","brgy_name":"Moning","province_code":"0520","region_code":"05"},{"brgy_code":"052002015","brgy_name":"Nagbarorong","province_code":"0520","region_code":"05"},{"brgy_code":"052002016","brgy_name":"Osmeña","province_code":"0520","region_code":"05"},{"brgy_code":"052002017","brgy_name":"P. Teston","province_code":"0520","region_code":"05"},{"brgy_code":"052002018","brgy_name":"Paniquihan","province_code":"0520","region_code":"05"},{"brgy_code":"052002019","brgy_name":"Eastern Poblacion","province_code":"0520","region_code":"05"},{"brgy_code":"052002020","brgy_name":"Puraran","province_code":"0520","region_code":"05"},{"brgy_code":"052002021","brgy_name":"Putsan","province_code":"0520","region_code":"05"},{"brgy_code":"052002022","brgy_name":"Quezon","province_code":"0520","region_code":"05"},{"brgy_code":"052002023","brgy_name":"Rizal","province_code":"0520","region_code":"05"},{"brgy_code":"052002024","brgy_name":"Salvacion","province_code":"0520","region_code":"05"},{"brgy_code":"052002025","brgy_name":"San Lorenzo","province_code":"0520","region_code":"05"},{"brgy_code":"052002026","brgy_name":"San Miguel","province_code":"0520","region_code":"05"},{"brgy_code":"052002027","brgy_name":"Santa Maria","province_code":"0520","region_code":"05"},{"brgy_code":"052002028","brgy_name":"Tilod","province_code":"0520","region_code":"05"},{"brgy_code":"052002029","brgy_name":"Western Poblacion","province_code":"0520","region_code":"05"}]