[{"brgy_code":"052004001","brgy_name":"Baybay (Pob.)","province_code":"0520","region_code":"05"},{"brgy_code":"052004002","brgy_name":"Bocon","province_code":"0520","region_code":"05"},{"brgy_code":"052004003","brgy_name":"Bothoan (Pob.)","province_code":"0520","region_code":"05"},{"brgy_code":"052004004","brgy_name":"Buenavista","province_code":"0520","region_code":"05"},{"brgy_code":"052004005","brgy_name":"Bulalacao","province_code":"0520","region_code":"05"},{"brgy_code":"052004006","brgy_name":"Camburo","province_code":"0520","region_code":"05"},{"brgy_code":"052004007","brgy_name":"Dariao","province_code":"0520","region_code":"05"},{"brgy_code":"052004008","brgy_name":"Datag East","province_code":"0520","region_code":"05"},{"brgy_code":"052004009","brgy_name":"Datag West","province_code":"0520","region_code":"05"},{"brgy_code":"052004010","brgy_name":"Guiamlong","province_code":"0520","region_code":"05"},{"brgy_code":"052004011","brgy_name":"Hitoma","province_code":"0520","region_code":"05"},{"brgy_code":"052004012","brgy_name":"Icanbato (Pob.)","province_code":"0520","region_code":"05"},{"brgy_code":"052004013","brgy_name":"Inalmasinan","province_code":"0520","region_code":"05"},{"brgy_code":"052004014","brgy_name":"Iyao","province_code":"0520","region_code":"05"},{"brgy_code":"052004015","brgy_name":"Mabini","province_code":"0520","region_code":"05"},{"brgy_code":"052004017","brgy_name":"Maui","province_code":"0520","region_code":"05"},{"brgy_code":"052004018","brgy_name":"Maysuran","province_code":"0520","region_code":"05"},{"brgy_code":"052004019","brgy_name":"Milaviga","province_code":"0520","region_code":"05"},{"brgy_code":"052004020","brgy_name":"Panique","province_code":"0520","region_code":"05"},{"brgy_code":"052004021","brgy_name":"Sabangan","province_code":"0520","region_code":"05"},{"brgy_code":"052004022","brgy_name":"Sabloyon","province_code":"0520","region_code":"05"},{"brgy_code":"052004023","brgy_name":"Salvacion","province_code":"0520","region_code":"05"},{"brgy_code":"052004024","brgy_name":"Supang","province_code":"0520","region_code":"05"},{"brgy_code":"052004025","brgy_name":"Toytoy (Pob.)","province_code":"0520","region_code":"05"},{"brgy_code":"052004026","brgy_name":"Tubli","province_code":"0520","region_code":"05"},{"brgy_code":"052004027","brgy_name":"Tucao","province_code":"0520","region_code":"05"},{"brgy_code":"052004028","brgy_name":"Obi","province_code":"0520","region_code":"05"}]