[{"brgy_code":"052011001","brgy_name":"Antipolo Del Norte","province_code":"0520","region_code":"05"},{"brgy_code":"052011002","brgy_name":"Antipolo Del Sur","province_code":"0520","region_code":"05"},{"brgy_code":"052011003","brgy_name":"Balite","province_code":"0520","region_code":"05"},{"brgy_code":"052011004","brgy_name":"Batag","province_code":"0520","region_code":"05"},{"brgy_code":"052011005","brgy_name":"Bigaa","province_code":"0520","region_code":"05"},{"brgy_code":"052011006","brgy_name":"Buenavista","province_code":"0520","region_code":"05"},{"brgy_code":"052011007","brgy_name":"Buyo","province_code":"0520","region_code":"05"},{"brgy_code":"052011008","brgy_name":"Cabihian","province_code":"0520","region_code":"05"},{"brgy_code":"052011009","brgy_name":"Calabnigan","province_code":"0520","region_code":"05"},{"brgy_code":"052011010","brgy_name":"Calampong","province_code":"0520","region_code":"05"},{"brgy_code":"052011011","brgy_name":"Calatagan Proper","province_code":"0520","region_code":"05"},{"brgy_code":"052011012","brgy_name":"Calatagan Tibang","province_code":"0520","region_code":"05"},{"brgy_code":"052011013","brgy_name":"Capilihan","province_code":"0520","region_code":"05"},{"brgy_code":"052011014","brgy_name":"Casoocan","province_code":"0520","region_code":"05"},{"brgy_code":"052011015","brgy_name":"Cavinitan","province_code":"0520","region_code":"05"},{"brgy_code":"052011016","brgy_name":"Gogon Sirangan","province_code":"0520","region_code":"05"},{"brgy_code":"052011017","brgy_name":"Concepcion (Pob.)","province_code":"0520","region_code":"05"},{"brgy_code":"052011018","brgy_name":"Constantino (Pob.)","province_code":"0520","region_code":"05"},{"brgy_code":"052011019","brgy_name":"Danicop","province_code":"0520","region_code":"05"},{"brgy_code":"052011020","brgy_name":"Dugui San Vicente","province_code":"0520","region_code":"05"},{"brgy_code":"052011021","brgy_name":"Dugui San Isidro","province_code":"0520","region_code":"05"},{"brgy_code":"052011023","brgy_name":"Dugui Too","province_code":"0520","region_code":"05"},{"brgy_code":"052011024","brgy_name":"F. Tacorda Village","province_code":"0520","region_code":"05"},{"brgy_code":"052011025","brgy_name":"Francia (Pob.)","province_code":"0520","region_code":"05"},{"brgy_code":"052011026","brgy_name":"Gogon Centro","province_code":"0520","region_code":"05"},{"brgy_code":"052011027","brgy_name":"Hawan Grande","province_code":"0520","region_code":"05"},{"brgy_code":"052011028","brgy_name":"Hawan Ilaya","province_code":"0520","region_code":"05"},{"brgy_code":"052011029","brgy_name":"Hicming","province_code":"0520","region_code":"05"},{"brgy_code":"052011030","brgy_name":"Igang","province_code":"0520","region_code":"05"},{"brgy_code":"052011031","brgy_name":"Juan M. Alberto (Poniton)","province_code":"0520","region_code":"05"},{"brgy_code":"052011032","brgy_name":"Lanao (Pob.)","province_code":"0520","region_code":"05"},{"brgy_code":"052011033","brgy_name":"Magnesia Del Norte","province_code":"0520","region_code":"05"},{"brgy_code":"052011034","brgy_name":"Magnesia Del Sur","province_code":"0520","region_code":"05"},{"brgy_code":"052011035","brgy_name":"Marcelo Alberto (Pob.)","province_code":"0520","region_code":"05"},{"brgy_code":"052011036","brgy_name":"Marilima","province_code":"0520","region_code":"05"},{"brgy_code":"052011037","brgy_name":"Pajo Baguio","province_code":"0520","region_code":"05"},{"brgy_code":"052011038","brgy_name":"Pajo San Isidro","province_code":"0520","region_code":"05"},{"brgy_code":"052011039","brgy_name":"Palnab Del Norte","province_code":"0520","region_code":"05"},{"brgy_code":"052011040","brgy_name":"Palnab Del Sur","province_code":"0520","region_code":"05"},{"brgy_code":"052011041","brgy_name":"Palta Big","province_code":"0520","region_code":"05"},{"brgy_code":"052011042","brgy_name":"Palta Salvacion","province_code":"0520","region_code":"05"},{"brgy_code":"052011043","brgy_name":"Palta Small","province_code":"0520","region_code":"05"},{"brgy_code":"052011044","brgy_name":"Rawis (Pob.)","province_code":"0520","region_code":"05"},{"brgy_code":"052011045","brgy_name":"Salvacion","province_code":"0520","region_code":"05"},{"brgy_code":"052011046","brgy_name":"San Isidro Village","province_code":"0520","region_code":"05"},{"brgy_code":"052011047","brgy_name":"San Jose (Pob.)","province_code":"0520","region_code":"05"},{"brgy_code":"052011048","brgy_name":"San Juan (Pob.)","province_code":"0520","region_code":"05"},{"brgy_code":"052011049","brgy_name":"San Pablo (Pob.)","province_code":"0520","region_code":"05"},{"brgy_code":"052011050","brgy_name":"San Pedro (Pob.)","province_code":"0520","region_code":"05"},{"brgy_code":"052011051","brgy_name":"San Roque (Pob.)","province_code":"0520","region_code":"05"},{"brgy_code":"052011052","brgy_name":"San Vicente","province_code":"0520","region_code":"05"},{"brgy_code":"052011053","brgy_name":"Ibong Sapa (San Vicente Sur)","province_code":"0520","region_code":"05"},{"brgy_code":"052011054","brgy_name":"Santa Cruz","province_code":"0520","region_code":"05"},{"brgy_code":"052011055","brgy_name":"Santa Elena (Pob.)","province_code":"0520","region_code":"05"},{"brgy_code":"052011056","brgy_name":"Santo Cristo","province_code":"0520","region_code":"05"},{"brgy_code":"052011057","brgy_name":"Santo Domingo","province_code":"0520","region_code":"05"},{"brgy_code":"052011058","brgy_name":"Santo Niño","province_code":"0520","region_code":"05"},{"brgy_code":"052011059","brgy_name":"Simamla","province_code":"0520","region_code":"05"},{"brgy_code":"052011061","brgy_name":"Sogod-Simamla","province_code":"0520","region_code":"05"},{"brgy_code":"052011062","brgy_name":"Talisoy","province_code":"0520","region_code":"05"},{"brgy_code":"052011063","brgy_name":"Sogod-Tibgao","province_code":"0520","region_code":"05"},{"brgy_code":"052011064","brgy_name":"Tubaon","province_code":"0520","region_code":"05"},{"brgy_code":"052011065","brgy_name":"Valencia","province_code":"0520","region_code":"05"}]