[{"brgy_code":"060617001","brgy_name":"Alegre","province_code":"0606","region_code":"06"},{"brgy_code":"060617002","brgy_name":"Amar","province_code":"0606","region_code":"06"},{"brgy_code":"060617003","brgy_name":"Bandoja (Lupa-an)","province_code":"0606","region_code":"06"},{"brgy_code":"060617004","brgy_name":"Castillo","province_code":"0606","region_code":"06"},{"brgy_code":"060617005","brgy_name":"Esparagoza","province_code":"0606","region_code":"06"},{"brgy_code":"060617006","brgy_name":"Importante","province_code":"0606","region_code":"06"},{"brgy_code":"060617007","brgy_name":"La Paz","province_code":"0606","region_code":"06"},{"brgy_code":"060617008","brgy_name":"Malabor","province_code":"0606","region_code":"06"},{"brgy_code":"060617009","brgy_name":"Martinez","province_code":"0606","region_code":"06"},{"brgy_code":"060617010","brgy_name":"Natividad","province_code":"0606","region_code":"06"},{"brgy_code":"060617011","brgy_name":"Pitac","province_code":"0606","region_code":"06"},{"brgy_code":"060617012","brgy_name":"Poblacion","province_code":"0606","region_code":"06"},{"brgy_code":"060617013","brgy_name":"Salazar","province_code":"0606","region_code":"06"},{"brgy_code":"060617014","brgy_name":"San Francisco Norte","province_code":"0606","region_code":"06"},{"brgy_code":"060617015","brgy_name":"San Francisco Sur","province_code":"0606","region_code":"06"},{"brgy_code":"060617016","brgy_name":"San Isidro","province_code":"0606","region_code":"06"},{"brgy_code":"060617017","brgy_name":"Santa Ana","province_code":"0606","region_code":"06"},{"brgy_code":"060617018","brgy_name":"Santa Justa","province_code":"0606","region_code":"06"},{"brgy_code":"060617019","brgy_name":"Santo Rosario","province_code":"0606","region_code":"06"},{"brgy_code":"060617020","brgy_name":"Tigbaboy","province_code":"0606","region_code":"06"},{"brgy_code":"060617021","brgy_name":"Tuno","province_code":"0606","region_code":"06"}]