[{"brgy_code":"060611001","brgy_name":"Aracay","province_code":"0606","region_code":"06"},{"brgy_code":"060611002","brgy_name":"Badiangan","province_code":"0606","region_code":"06"},{"brgy_code":"060611003","brgy_name":"Bagumbayan","province_code":"0606","region_code":"06"},{"brgy_code":"060611004","brgy_name":"Baybay","province_code":"0606","region_code":"06"},{"brgy_code":"060611005","brgy_name":"Botbot","province_code":"0606","region_code":"06"},{"brgy_code":"060611007","brgy_name":"Buang","province_code":"0606","region_code":"06"},{"brgy_code":"060611008","brgy_name":"Cabugao","province_code":"0606","region_code":"06"},{"brgy_code":"060611009","brgy_name":"Candari","province_code":"0606","region_code":"06"},{"brgy_code":"060611010","brgy_name":"Carmen","province_code":"0606","region_code":"06"},{"brgy_code":"060611011","brgy_name":"Centro Sur (Pob.)","province_code":"0606","region_code":"06"},{"brgy_code":"060611012","brgy_name":"Dionela","province_code":"0606","region_code":"06"},{"brgy_code":"060611013","brgy_name":"Dumrog","province_code":"0606","region_code":"06"},{"brgy_code":"060611014","brgy_name":"Duyong","province_code":"0606","region_code":"06"},{"brgy_code":"060611015","brgy_name":"Fragante","province_code":"0606","region_code":"06"},{"brgy_code":"060611016","brgy_name":"Guia","province_code":"0606","region_code":"06"},{"brgy_code":"060611017","brgy_name":"Idiacacan","province_code":"0606","region_code":"06"},{"brgy_code":"060611018","brgy_name":"Jinalinan","province_code":"0606","region_code":"06"},{"brgy_code":"060611019","brgy_name":"Luhod-Bayang","province_code":"0606","region_code":"06"},{"brgy_code":"060611020","brgy_name":"Maadios","province_code":"0606","region_code":"06"},{"brgy_code":"060611021","brgy_name":"Mag-aba","province_code":"0606","region_code":"06"},{"brgy_code":"060611022","brgy_name":"Napuid","province_code":"0606","region_code":"06"},{"brgy_code":"060611023","brgy_name":"Nauring","province_code":"0606","region_code":"06"},{"brgy_code":"060611024","brgy_name":"Patria","province_code":"0606","region_code":"06"},{"brgy_code":"060611025","brgy_name":"Perfecta","province_code":"0606","region_code":"06"},{"brgy_code":"060611026","brgy_name":"Centro Norte (Pob.)","province_code":"0606","region_code":"06"},{"brgy_code":"060611027","brgy_name":"San Andres","province_code":"0606","region_code":"06"},{"brgy_code":"060611028","brgy_name":"San Joaquin","province_code":"0606","region_code":"06"},{"brgy_code":"060611029","brgy_name":"Santa Ana","province_code":"0606","region_code":"06"},{"brgy_code":"060611030","brgy_name":"Santa Cruz","province_code":"0606","region_code":"06"},{"brgy_code":"060611031","brgy_name":"Santa Fe","province_code":"0606","region_code":"06"},{"brgy_code":"060611032","brgy_name":"Santo Rosario","province_code":"0606","region_code":"06"},{"brgy_code":"060611033","brgy_name":"Talisay","province_code":"0606","region_code":"06"},{"brgy_code":"060611034","brgy_name":"Tingib","province_code":"0606","region_code":"06"},{"brgy_code":"060611035","brgy_name":"Zaldivar","province_code":"0606","region_code":"06"}]