[{"brgy_code":"063022001","brgy_name":"Santa Cruz","province_code":"0630","region_code":"06"},{"brgy_code":"063022003","brgy_name":"Aguinaldo","province_code":"0630","region_code":"06"},{"brgy_code":"063022004","brgy_name":"Airport (Tabucan Airport)","province_code":"0630","region_code":"06"},{"brgy_code":"063022005","brgy_name":"Alalasan Lapuz","province_code":"0630","region_code":"06"},{"brgy_code":"063022006","brgy_name":"Arguelles","province_code":"0630","region_code":"06"},{"brgy_code":"063022007","brgy_name":"Arsenal Aduana","province_code":"0630","region_code":"06"},{"brgy_code":"063022008","brgy_name":"North Avanceña","province_code":"0630","region_code":"06"},{"brgy_code":"063022009","brgy_name":"Bakhaw","province_code":"0630","region_code":"06"},{"brgy_code":"063022010","brgy_name":"Balabago","province_code":"0630","region_code":"06"},{"brgy_code":"063022011","brgy_name":"Balantang","province_code":"0630","region_code":"06"},{"brgy_code":"063022012","brgy_name":"Baldoza","province_code":"0630","region_code":"06"},{"brgy_code":"063022014","brgy_name":"Sinikway (Bangkerohan Lapuz)","province_code":"0630","region_code":"06"},{"brgy_code":"063022015","brgy_name":"Bantud","province_code":"0630","region_code":"06"},{"brgy_code":"063022016","brgy_name":"Banuyao","province_code":"0630","region_code":"06"},{"brgy_code":"063022017","brgy_name":"Baybay Tanza","province_code":"0630","region_code":"06"},{"brgy_code":"063022018","brgy_name":"Benedicto (Jaro)","province_code":"0630","region_code":"06"},{"brgy_code":"063022019","brgy_name":"Bito-on","province_code":"0630","region_code":"06"},{"brgy_code":"063022020","brgy_name":"Monica Blumentritt","province_code":"0630","region_code":"06"},{"brgy_code":"063022021","brgy_name":"Bolilao","province_code":"0630","region_code":"06"},{"brgy_code":"063022022","brgy_name":"Bonifacio Tanza","province_code":"0630","region_code":"06"},{"brgy_code":"063022023","brgy_name":"Bonifacio (Arevalo)","province_code":"0630","region_code":"06"},{"brgy_code":"063022024","brgy_name":"Buhang","province_code":"0630","region_code":"06"},{"brgy_code":"063022025","brgy_name":"Buhang Taft North","province_code":"0630","region_code":"06"},{"brgy_code":"063022026","brgy_name":"Buntatala","province_code":"0630","region_code":"06"},{"brgy_code":"063022028","brgy_name":"Seminario (Burgos Jalandoni)","province_code":"0630","region_code":"06"},{"brgy_code":"063022029","brgy_name":"Caingin","province_code":"0630","region_code":"06"},{"brgy_code":"063022030","brgy_name":"Calahunan","province_code":"0630","region_code":"06"},{"brgy_code":"063022031","brgy_name":"Calaparan","province_code":"0630","region_code":"06"},{"brgy_code":"063022032","brgy_name":"Calumpang","province_code":"0630","region_code":"06"},{"brgy_code":"063022033","brgy_name":"Camalig","province_code":"0630","region_code":"06"},{"brgy_code":"063022034","brgy_name":"El 98 Castilla (Claudio Lopez)","province_code":"0630","region_code":"06"},{"brgy_code":"063022035","brgy_name":"Cochero","province_code":"0630","region_code":"06"},{"brgy_code":"063022036","brgy_name":"Compania","province_code":"0630","region_code":"06"},{"brgy_code":"063022038","brgy_name":"Concepcion-Montes","province_code":"0630","region_code":"06"},{"brgy_code":"063022040","brgy_name":"Cuartero","province_code":"0630","region_code":"06"},{"brgy_code":"063022041","brgy_name":"Cubay","province_code":"0630","region_code":"06"},{"brgy_code":"063022042","brgy_name":"Danao","province_code":"0630","region_code":"06"},{"brgy_code":"063022043","brgy_name":"Mabolo-Delgado","province_code":"0630","region_code":"06"},{"brgy_code":"063022044","brgy_name":"Democracia","province_code":"0630","region_code":"06"},{"brgy_code":"063022045","brgy_name":"Desamparados","province_code":"0630","region_code":"06"},{"brgy_code":"063022046","brgy_name":"Divinagracia","province_code":"0630","region_code":"06"},{"brgy_code":"063022047","brgy_name":"Don Esteban-Lapuz","province_code":"0630","region_code":"06"},{"brgy_code":"063022048","brgy_name":"Dulonan","province_code":"0630","region_code":"06"},{"brgy_code":"063022049","brgy_name":"Dungon","province_code":"0630","region_code":"06"},{"brgy_code":"063022050","brgy_name":"Dungon A","province_code":"0630","region_code":"06"},{"brgy_code":"063022051","brgy_name":"Dungon B","province_code":"0630","region_code":"06"},{"brgy_code":"063022052","brgy_name":"East Baluarte","province_code":"0630","region_code":"06"},{"brgy_code":"063022053","brgy_name":"East Timawa","province_code":"0630","region_code":"06"},{"brgy_code":"063022054","brgy_name":"Edganzon","province_code":"0630","region_code":"06"},{"brgy_code":"063022055","brgy_name":"Tanza-Esperanza","province_code":"0630","region_code":"06"},{"brgy_code":"063022056","brgy_name":"Fajardo","province_code":"0630","region_code":"06"},{"brgy_code":"063022057","brgy_name":"Flores","province_code":"0630","region_code":"06"},{"brgy_code":"063022060","brgy_name":"South Fundidor","province_code":"0630","region_code":"06"},{"brgy_code":"063022061","brgy_name":"General Hughes-Montes","province_code":"0630","region_code":"06"},{"brgy_code":"063022062","brgy_name":"Gloria","province_code":"0630","region_code":"06"},{"brgy_code":"063022063","brgy_name":"Gustilo","province_code":"0630","region_code":"06"},{"brgy_code":"063022064","brgy_name":"Guzman-Jesena","province_code":"0630","region_code":"06"},{"brgy_code":"063022065","brgy_name":"Habog-habog Salvacion","province_code":"0630","region_code":"06"},{"brgy_code":"063022067","brgy_name":"Hibao-an Sur","province_code":"0630","region_code":"06"},{"brgy_code":"063022068","brgy_name":"Hinactacan","province_code":"0630","region_code":"06"},{"brgy_code":"063022069","brgy_name":"Hipodromo","province_code":"0630","region_code":"06"},{"brgy_code":"063022070","brgy_name":"Inday","province_code":"0630","region_code":"06"},{"brgy_code":"063022071","brgy_name":"Infante","province_code":"0630","region_code":"06"},{"brgy_code":"063022072","brgy_name":"Ingore","province_code":"0630","region_code":"06"},{"brgy_code":"063022073","brgy_name":"Jalandoni Estate-Lapuz","province_code":"0630","region_code":"06"},{"brgy_code":"063022074","brgy_name":"Jalandoni-Wilson","province_code":"0630","region_code":"06"},{"brgy_code":"063022075","brgy_name":"Delgado-Jalandoni-Bagumbayan","province_code":"0630","region_code":"06"},{"brgy_code":"063022076","brgy_name":"Javellana","province_code":"0630","region_code":"06"},{"brgy_code":"063022077","brgy_name":"Jereos","province_code":"0630","region_code":"06"},{"brgy_code":"063022078","brgy_name":"Calubihan","province_code":"0630","region_code":"06"},{"brgy_code":"063022079","brgy_name":"Kasingkasing","province_code":"0630","region_code":"06"},{"brgy_code":"063022080","brgy_name":"Katilingban","province_code":"0630","region_code":"06"},{"brgy_code":"063022081","brgy_name":"Kauswagan","province_code":"0630","region_code":"06"},{"brgy_code":"063022084","brgy_name":"Our Lady Of Fatima","province_code":"0630","region_code":"06"},{"brgy_code":"063022085","brgy_name":"Laguda","province_code":"0630","region_code":"06"},{"brgy_code":"063022086","brgy_name":"Lanit","province_code":"0630","region_code":"06"},{"brgy_code":"063022087","brgy_name":"Lapuz Norte","province_code":"0630","region_code":"06"},{"brgy_code":"063022088","brgy_name":"Lapuz Sur","province_code":"0630","region_code":"06"},{"brgy_code":"063022089","brgy_name":"Legaspi dela Rama","province_code":"0630","region_code":"06"},{"brgy_code":"063022090","brgy_name":"Liberation","province_code":"0630","region_code":"06"},{"brgy_code":"063022091","brgy_name":"Libertad, Santa Isabel","province_code":"0630","region_code":"06"},{"brgy_code":"063022092","brgy_name":"Libertad-Lapuz","province_code":"0630","region_code":"06"},{"brgy_code":"063022093","brgy_name":"Lopez Jaena (Jaro)","province_code":"0630","region_code":"06"},{"brgy_code":"063022094","brgy_name":"Loboc-Lapuz","province_code":"0630","region_code":"06"},{"brgy_code":"063022095","brgy_name":"Lopez Jaena Norte","province_code":"0630","region_code":"06"},{"brgy_code":"063022096","brgy_name":"Lopez Jaena Sur","province_code":"0630","region_code":"06"},{"brgy_code":"063022097","brgy_name":"Luna (Jaro)","province_code":"0630","region_code":"06"},{"brgy_code":"063022098","brgy_name":"M. V. Hechanova","province_code":"0630","region_code":"06"},{"brgy_code":"063022099","brgy_name":"Burgos-Mabini-Plaza","province_code":"0630","region_code":"06"},{"brgy_code":"063022100","brgy_name":"Macarthur","province_code":"0630","region_code":"06"},{"brgy_code":"063022101","brgy_name":"Magdalo","province_code":"0630","region_code":"06"},{"brgy_code":"063022102","brgy_name":"Magsaysay","province_code":"0630","region_code":"06"},{"brgy_code":"063022103","brgy_name":"Magsaysay Village","province_code":"0630","region_code":"06"},{"brgy_code":"063022104","brgy_name":"Malipayon-Delgado","province_code":"0630","region_code":"06"},{"brgy_code":"063022105","brgy_name":"Mansaya-Lapuz","province_code":"0630","region_code":"06"},{"brgy_code":"063022106","brgy_name":"Marcelo H. del Pilar","province_code":"0630","region_code":"06"},{"brgy_code":"063022107","brgy_name":"Maria Clara","province_code":"0630","region_code":"06"},{"brgy_code":"063022108","brgy_name":"Maria Cristina","province_code":"0630","region_code":"06"},{"brgy_code":"063022109","brgy_name":"Mohon","province_code":"0630","region_code":"06"},{"brgy_code":"063022110","brgy_name":"Molo Boulevard","province_code":"0630","region_code":"06"},{"brgy_code":"063022112","brgy_name":"Montinola","province_code":"0630","region_code":"06"},{"brgy_code":"063022113","brgy_name":"Muelle Loney-Montes","province_code":"0630","region_code":"06"},{"brgy_code":"063022114","brgy_name":"Nabitasan","province_code":"0630","region_code":"06"},{"brgy_code":"063022115","brgy_name":"Navais","province_code":"0630","region_code":"06"},{"brgy_code":"063022116","brgy_name":"Nonoy","province_code":"0630","region_code":"06"},{"brgy_code":"063022117","brgy_name":"North Fundidor","province_code":"0630","region_code":"06"},{"brgy_code":"063022118","brgy_name":"North Baluarte","province_code":"0630","region_code":"06"},{"brgy_code":"063022119","brgy_name":"North San Jose","province_code":"0630","region_code":"06"},{"brgy_code":"063022120","brgy_name":"Oñate de Leon","province_code":"0630","region_code":"06"},{"brgy_code":"063022121","brgy_name":"Obrero-Lapuz","province_code":"0630","region_code":"06"},{"brgy_code":"063022122","brgy_name":"Ortiz","province_code":"0630","region_code":"06"},{"brgy_code":"063022123","brgy_name":"Osmeña","province_code":"0630","region_code":"06"},{"brgy_code":"063022124","brgy_name":"Our Lady Of Lourdes","province_code":"0630","region_code":"06"},{"brgy_code":"063022125","brgy_name":"Rizal Palapala I","province_code":"0630","region_code":"06"},{"brgy_code":"063022126","brgy_name":"Rizal Palapala II","province_code":"0630","region_code":"06"},{"brgy_code":"063022127","brgy_name":"PHHC Block 17","province_code":"0630","region_code":"06"},{"brgy_code":"063022128","brgy_name":"PHHC Block 22 NHA","province_code":"0630","region_code":"06"},{"brgy_code":"063022129","brgy_name":"Poblacion Molo","province_code":"0630","region_code":"06"},{"brgy_code":"063022131","brgy_name":"President Roxas","province_code":"0630","region_code":"06"},{"brgy_code":"063022132","brgy_name":"Progreso-Lapuz","province_code":"0630","region_code":"06"},{"brgy_code":"063022133","brgy_name":"Punong-Lapuz","province_code":"0630","region_code":"06"},{"brgy_code":"063022134","brgy_name":"Quezon","province_code":"0630","region_code":"06"},{"brgy_code":"063022135","brgy_name":"Quintin Salas","province_code":"0630","region_code":"06"},{"brgy_code":"063022136","brgy_name":"Rima-Rizal","province_code":"0630","region_code":"06"},{"brgy_code":"063022137","brgy_name":"Rizal Estanzuela","province_code":"0630","region_code":"06"},{"brgy_code":"063022138","brgy_name":"Rizal Ibarra","province_code":"0630","region_code":"06"},{"brgy_code":"063022139","brgy_name":"Railway","province_code":"0630","region_code":"06"},{"brgy_code":"063022140","brgy_name":"Roxas Village","province_code":"0630","region_code":"06"},{"brgy_code":"063022144","brgy_name":"Sambag","province_code":"0630","region_code":"06"},{"brgy_code":"063022146","brgy_name":"Sampaguita","province_code":"0630","region_code":"06"},{"brgy_code":"063022148","brgy_name":"San Agustin","province_code":"0630","region_code":"06"},{"brgy_code":"063022149","brgy_name":"San Antonio","province_code":"0630","region_code":"06"},{"brgy_code":"063022150","brgy_name":"San Felix","province_code":"0630","region_code":"06"},{"brgy_code":"063022151","brgy_name":"San Isidro (Jaro)","province_code":"0630","region_code":"06"},{"brgy_code":"063022152","brgy_name":"Hibao-an Norte","province_code":"0630","region_code":"06"},{"brgy_code":"063022154","brgy_name":"San Jose (Jaro)","province_code":"0630","region_code":"06"},{"brgy_code":"063022155","brgy_name":"San Jose (Arevalo)","province_code":"0630","region_code":"06"},{"brgy_code":"063022156","brgy_name":"San Juan","province_code":"0630","region_code":"06"},{"brgy_code":"063022157","brgy_name":"San Nicolas","province_code":"0630","region_code":"06"},{"brgy_code":"063022158","brgy_name":"San Pedro (Molo)","province_code":"0630","region_code":"06"},{"brgy_code":"063022159","brgy_name":"San Pedro (Jaro)","province_code":"0630","region_code":"06"},{"brgy_code":"063022160","brgy_name":"San Rafael","province_code":"0630","region_code":"06"},{"brgy_code":"063022161","brgy_name":"San Roque","province_code":"0630","region_code":"06"},{"brgy_code":"063022163","brgy_name":"San Vicente","province_code":"0630","region_code":"06"},{"brgy_code":"063022164","brgy_name":"Santa Filomena","province_code":"0630","region_code":"06"},{"brgy_code":"063022165","brgy_name":"Santa Rosa","province_code":"0630","region_code":"06"},{"brgy_code":"063022166","brgy_name":"Santo Domingo","province_code":"0630","region_code":"06"},{"brgy_code":"063022167","brgy_name":"Santo Niño Norte","province_code":"0630","region_code":"06"},{"brgy_code":"063022168","brgy_name":"Santo Niño Sur","province_code":"0630","region_code":"06"},{"brgy_code":"063022169","brgy_name":"Santo Rosario-Duran","province_code":"0630","region_code":"06"},{"brgy_code":"063022170","brgy_name":"Simon Ledesma","province_code":"0630","region_code":"06"},{"brgy_code":"063022171","brgy_name":"So-oc","province_code":"0630","region_code":"06"},{"brgy_code":"063022172","brgy_name":"South Baluarte","province_code":"0630","region_code":"06"},{"brgy_code":"063022173","brgy_name":"South San Jose","province_code":"0630","region_code":"06"},{"brgy_code":"063022174","brgy_name":"Taal","province_code":"0630","region_code":"06"},{"brgy_code":"063022175","brgy_name":"Tabuc Suba (Jaro)","province_code":"0630","region_code":"06"},{"brgy_code":"063022176","brgy_name":"Tabucan","province_code":"0630","region_code":"06"},{"brgy_code":"063022177","brgy_name":"Tacas","province_code":"0630","region_code":"06"},{"brgy_code":"063022178","brgy_name":"Abeto Mirasol Taft South (Quirino Abeto)","province_code":"0630","region_code":"06"},{"brgy_code":"063022179","brgy_name":"Tagbac","province_code":"0630","region_code":"06"},{"brgy_code":"063022181","brgy_name":"Tap-oc","province_code":"0630","region_code":"06"},{"brgy_code":"063022182","brgy_name":"Taytay Zone II","province_code":"0630","region_code":"06"},{"brgy_code":"063022183","brgy_name":"Ticud (La Paz)","province_code":"0630","region_code":"06"},{"brgy_code":"063022185","brgy_name":"Timawa Tanza I","province_code":"0630","region_code":"06"},{"brgy_code":"063022186","brgy_name":"Timawa Tanza II","province_code":"0630","region_code":"06"},{"brgy_code":"063022187","brgy_name":"Ungka","province_code":"0630","region_code":"06"},{"brgy_code":"063022188","brgy_name":"Veterans Village","province_code":"0630","region_code":"06"},{"brgy_code":"063022189","brgy_name":"Villa Anita","province_code":"0630","region_code":"06"},{"brgy_code":"063022191","brgy_name":"West Habog-habog","province_code":"0630","region_code":"06"},{"brgy_code":"063022192","brgy_name":"West Timawa","province_code":"0630","region_code":"06"},{"brgy_code":"063022193","brgy_name":"Yulo-Arroyo","province_code":"0630","region_code":"06"},{"brgy_code":"063022194","brgy_name":"Yulo Drive","province_code":"0630","region_code":"06"},{"brgy_code":"063022195","brgy_name":"Zamora-Melliza","province_code":"0630","region_code":"06"},{"brgy_code":"063022196","brgy_name":"Pale Benedicto Rizal (Mandurriao)","province_code":"0630","region_code":"06"},{"brgy_code":"063022197","brgy_name":"Kahirupan","province_code":"0630","region_code":"06"},{"brgy_code":"063022198","brgy_name":"Luna (La Paz)","province_code":"0630","region_code":"06"},{"brgy_code":"063022199","brgy_name":"San Isidro (La Paz)","province_code":"0630","region_code":"06"},{"brgy_code":"063022200","brgy_name":"San Jose (City Proper)","province_code":"0630","region_code":"06"},{"brgy_code":"063022201","brgy_name":"Tabuc Suba (La Paz)","province_code":"0630","region_code":"06"},{"brgy_code":"063022202","brgy_name":"Rizal (La Paz)","province_code":"0630","region_code":"06"}]