[{"brgy_code":"063027001","brgy_name":"Agpipili","province_code":"0630","region_code":"06"},{"brgy_code":"063027002","brgy_name":"Alcantara","province_code":"0630","region_code":"06"},{"brgy_code":"063027003","brgy_name":"Almeñana","province_code":"0630","region_code":"06"},{"brgy_code":"063027004","brgy_name":"Anabo","province_code":"0630","region_code":"06"},{"brgy_code":"063027005","brgy_name":"Bankal","province_code":"0630","region_code":"06"},{"brgy_code":"063027006","brgy_name":"Buenavista","province_code":"0630","region_code":"06"},{"brgy_code":"063027007","brgy_name":"Cabantohan","province_code":"0630","region_code":"06"},{"brgy_code":"063027008","brgy_name":"Capiñahan","province_code":"0630","region_code":"06"},{"brgy_code":"063027009","brgy_name":"Dalipe","province_code":"0630","region_code":"06"},{"brgy_code":"063027010","brgy_name":"Dapdapan","province_code":"0630","region_code":"06"},{"brgy_code":"063027011","brgy_name":"Gerongan","province_code":"0630","region_code":"06"},{"brgy_code":"063027012","brgy_name":"Imbaulan","province_code":"0630","region_code":"06"},{"brgy_code":"063027013","brgy_name":"Layogbato","province_code":"0630","region_code":"06"},{"brgy_code":"063027014","brgy_name":"Marapal","province_code":"0630","region_code":"06"},{"brgy_code":"063027015","brgy_name":"Milan","province_code":"0630","region_code":"06"},{"brgy_code":"063027016","brgy_name":"Nagsulang","province_code":"0630","region_code":"06"},{"brgy_code":"063027017","brgy_name":"Nasapahan","province_code":"0630","region_code":"06"},{"brgy_code":"063027018","brgy_name":"Omio","province_code":"0630","region_code":"06"},{"brgy_code":"063027019","brgy_name":"Pacuan","province_code":"0630","region_code":"06"},{"brgy_code":"063027020","brgy_name":"Poblacion NW Zone","province_code":"0630","region_code":"06"},{"brgy_code":"063027021","brgy_name":"Poblacion SE Zone","province_code":"0630","region_code":"06"},{"brgy_code":"063027022","brgy_name":"Pontoc","province_code":"0630","region_code":"06"},{"brgy_code":"063027023","brgy_name":"San Antonio","province_code":"0630","region_code":"06"},{"brgy_code":"063027024","brgy_name":"San Diego","province_code":"0630","region_code":"06"},{"brgy_code":"063027025","brgy_name":"San Jose Moto","province_code":"0630","region_code":"06"},{"brgy_code":"063027026","brgy_name":"Sepanton","province_code":"0630","region_code":"06"},{"brgy_code":"063027027","brgy_name":"Sincua","province_code":"0630","region_code":"06"},{"brgy_code":"063027028","brgy_name":"Tabunan","province_code":"0630","region_code":"06"},{"brgy_code":"063027029","brgy_name":"Tugas","province_code":"0630","region_code":"06"},{"brgy_code":"063027030","brgy_name":"Velasco","province_code":"0630","region_code":"06"},{"brgy_code":"063027031","brgy_name":"Yawyawan","province_code":"0630","region_code":"06"}]