[{"brgy_code":"071216001","brgy_name":"De la Paz","province_code":"0712","region_code":"07"},{"brgy_code":"071216002","brgy_name":"Fatima","province_code":"0712","region_code":"07"},{"brgy_code":"071216003","brgy_name":"Loreto","province_code":"0712","region_code":"07"},{"brgy_code":"071216004","brgy_name":"Lourdes","province_code":"0712","region_code":"07"},{"brgy_code":"071216005","brgy_name":"Malayo Norte","province_code":"0712","region_code":"07"},{"brgy_code":"071216006","brgy_name":"Malayo Sur","province_code":"0712","region_code":"07"},{"brgy_code":"071216007","brgy_name":"Monserrat","province_code":"0712","region_code":"07"},{"brgy_code":"071216008","brgy_name":"New Lourdes","province_code":"0712","region_code":"07"},{"brgy_code":"071216009","brgy_name":"Patrocinio","province_code":"0712","region_code":"07"},{"brgy_code":"071216010","brgy_name":"Poblacion","province_code":"0712","region_code":"07"},{"brgy_code":"071216011","brgy_name":"Rosario","province_code":"0712","region_code":"07"},{"brgy_code":"071216012","brgy_name":"Salvador","province_code":"0712","region_code":"07"},{"brgy_code":"071216013","brgy_name":"San Roque","province_code":"0712","region_code":"07"},{"brgy_code":"071216014","brgy_name":"Upper de la Paz","province_code":"0712","region_code":"07"}]