[{"brgy_code":"071219001","brgy_name":"Biking","province_code":"0712","region_code":"07"},{"brgy_code":"071219002","brgy_name":"Bingag","province_code":"0712","region_code":"07"},{"brgy_code":"071219003","brgy_name":"San Isidro (Canlongon)","province_code":"0712","region_code":"07"},{"brgy_code":"071219004","brgy_name":"Catarman","province_code":"0712","region_code":"07"},{"brgy_code":"071219005","brgy_name":"Dao","province_code":"0712","region_code":"07"},{"brgy_code":"071219006","brgy_name":"Mayacabac","province_code":"0712","region_code":"07"},{"brgy_code":"071219007","brgy_name":"Poblacion","province_code":"0712","region_code":"07"},{"brgy_code":"071219008","brgy_name":"Songculan","province_code":"0712","region_code":"07"},{"brgy_code":"071219009","brgy_name":"Tabalong","province_code":"0712","region_code":"07"},{"brgy_code":"071219010","brgy_name":"Tinago","province_code":"0712","region_code":"07"},{"brgy_code":"071219011","brgy_name":"Totolan","province_code":"0712","region_code":"07"},{"brgy_code":"071219012","brgy_name":"Mariveles","province_code":"0712","region_code":"07"}]