[{"brgy_code":"071209001","brgy_name":"Anonang","province_code":"0712","region_code":"07"},{"brgy_code":"071209002","brgy_name":"Asinan","province_code":"0712","region_code":"07"},{"brgy_code":"071209003","brgy_name":"Bago","province_code":"0712","region_code":"07"},{"brgy_code":"071209004","brgy_name":"Baluarte","province_code":"0712","region_code":"07"},{"brgy_code":"071209005","brgy_name":"Bantuan","province_code":"0712","region_code":"07"},{"brgy_code":"071209006","brgy_name":"Bato","province_code":"0712","region_code":"07"},{"brgy_code":"071209007","brgy_name":"Bonotbonot","province_code":"0712","region_code":"07"},{"brgy_code":"071209008","brgy_name":"Bugaong","province_code":"0712","region_code":"07"},{"brgy_code":"071209011","brgy_name":"Cambuhat","province_code":"0712","region_code":"07"},{"brgy_code":"071209012","brgy_name":"Cambus-oc","province_code":"0712","region_code":"07"},{"brgy_code":"071209013","brgy_name":"Cangawa","province_code":"0712","region_code":"07"},{"brgy_code":"071209014","brgy_name":"Cantomugcad","province_code":"0712","region_code":"07"},{"brgy_code":"071209015","brgy_name":"Cantores","province_code":"0712","region_code":"07"},{"brgy_code":"071209016","brgy_name":"Cantuba","province_code":"0712","region_code":"07"},{"brgy_code":"071209017","brgy_name":"Catigbian","province_code":"0712","region_code":"07"},{"brgy_code":"071209018","brgy_name":"Cawag","province_code":"0712","region_code":"07"},{"brgy_code":"071209019","brgy_name":"Cruz","province_code":"0712","region_code":"07"},{"brgy_code":"071209020","brgy_name":"Dait","province_code":"0712","region_code":"07"},{"brgy_code":"071209021","brgy_name":"Eastern Cabul-an","province_code":"0712","region_code":"07"},{"brgy_code":"071209022","brgy_name":"Hunan","province_code":"0712","region_code":"07"},{"brgy_code":"071209025","brgy_name":"Lapacan Norte","province_code":"0712","region_code":"07"},{"brgy_code":"071209026","brgy_name":"Lapacan Sur","province_code":"0712","region_code":"07"},{"brgy_code":"071209028","brgy_name":"Lubang","province_code":"0712","region_code":"07"},{"brgy_code":"071209029","brgy_name":"Lusong (Plateau)","province_code":"0712","region_code":"07"},{"brgy_code":"071209030","brgy_name":"Magkaya","province_code":"0712","region_code":"07"},{"brgy_code":"071209031","brgy_name":"Merryland","province_code":"0712","region_code":"07"},{"brgy_code":"071209032","brgy_name":"Nueva Granada","province_code":"0712","region_code":"07"},{"brgy_code":"071209033","brgy_name":"Nueva Montana","province_code":"0712","region_code":"07"},{"brgy_code":"071209034","brgy_name":"Overland","province_code":"0712","region_code":"07"},{"brgy_code":"071209035","brgy_name":"Panghagban","province_code":"0712","region_code":"07"},{"brgy_code":"071209036","brgy_name":"Poblacion","province_code":"0712","region_code":"07"},{"brgy_code":"071209037","brgy_name":"Puting Bato","province_code":"0712","region_code":"07"},{"brgy_code":"071209038","brgy_name":"Rufo Hill","province_code":"0712","region_code":"07"},{"brgy_code":"071209039","brgy_name":"Sweetland","province_code":"0712","region_code":"07"},{"brgy_code":"071209040","brgy_name":"Western Cabul-an","province_code":"0712","region_code":"07"}]