[{"brgy_code":"072208001","brgy_name":"Abucayan","province_code":"0722","region_code":"07"},{"brgy_code":"072208002","brgy_name":"Aliwanay","province_code":"0722","region_code":"07"},{"brgy_code":"072208003","brgy_name":"Arpili","province_code":"0722","region_code":"07"},{"brgy_code":"072208004","brgy_name":"Bayong","province_code":"0722","region_code":"07"},{"brgy_code":"072208005","brgy_name":"Biasong","province_code":"0722","region_code":"07"},{"brgy_code":"072208006","brgy_name":"Buanoy","province_code":"0722","region_code":"07"},{"brgy_code":"072208007","brgy_name":"Cabagdalan","province_code":"0722","region_code":"07"},{"brgy_code":"072208008","brgy_name":"Cabasiangan","province_code":"0722","region_code":"07"},{"brgy_code":"072208009","brgy_name":"Cambuhawe","province_code":"0722","region_code":"07"},{"brgy_code":"072208010","brgy_name":"Cansomoroy","province_code":"0722","region_code":"07"},{"brgy_code":"072208011","brgy_name":"Cantibas","province_code":"0722","region_code":"07"},{"brgy_code":"072208012","brgy_name":"Cantuod","province_code":"0722","region_code":"07"},{"brgy_code":"072208013","brgy_name":"Duangan","province_code":"0722","region_code":"07"},{"brgy_code":"072208014","brgy_name":"Gaas","province_code":"0722","region_code":"07"},{"brgy_code":"072208015","brgy_name":"Ginatilan","province_code":"0722","region_code":"07"},{"brgy_code":"072208016","brgy_name":"Hingatmonan","province_code":"0722","region_code":"07"},{"brgy_code":"072208017","brgy_name":"Lamesa","province_code":"0722","region_code":"07"},{"brgy_code":"072208018","brgy_name":"Liki","province_code":"0722","region_code":"07"},{"brgy_code":"072208019","brgy_name":"Luca","province_code":"0722","region_code":"07"},{"brgy_code":"072208020","brgy_name":"Matun-og","province_code":"0722","region_code":"07"},{"brgy_code":"072208021","brgy_name":"Nangka","province_code":"0722","region_code":"07"},{"brgy_code":"072208022","brgy_name":"Pondol","province_code":"0722","region_code":"07"},{"brgy_code":"072208023","brgy_name":"Prenza","province_code":"0722","region_code":"07"},{"brgy_code":"072208024","brgy_name":"Singsing","province_code":"0722","region_code":"07"},{"brgy_code":"072208025","brgy_name":"Sunog","province_code":"0722","region_code":"07"},{"brgy_code":"072208026","brgy_name":"Vito","province_code":"0722","region_code":"07"},{"brgy_code":"072208027","brgy_name":"Baliwagan (Pob.)","province_code":"0722","region_code":"07"},{"brgy_code":"072208028","brgy_name":"Santa Cruz-Santo Niño (Pob.)","province_code":"0722","region_code":"07"}]