[{"brgy_code":"072242001","brgy_name":"Montealegre","province_code":"0722","region_code":"07"},{"brgy_code":"072242002","brgy_name":"Cabunga-an","province_code":"0722","region_code":"07"},{"brgy_code":"072242003","brgy_name":"Campo","province_code":"0722","region_code":"07"},{"brgy_code":"072242004","brgy_name":"Consuelo","province_code":"0722","region_code":"07"},{"brgy_code":"072242006","brgy_name":"Esperanza","province_code":"0722","region_code":"07"},{"brgy_code":"072242007","brgy_name":"Himensulan","province_code":"0722","region_code":"07"},{"brgy_code":"072242008","brgy_name":"Northern Poblacion","province_code":"0722","region_code":"07"},{"brgy_code":"072242009","brgy_name":"San Isidro","province_code":"0722","region_code":"07"},{"brgy_code":"072242010","brgy_name":"Santa Cruz","province_code":"0722","region_code":"07"},{"brgy_code":"072242011","brgy_name":"Santiago","province_code":"0722","region_code":"07"},{"brgy_code":"072242012","brgy_name":"Sonog","province_code":"0722","region_code":"07"},{"brgy_code":"072242013","brgy_name":"Southern Poblacion","province_code":"0722","region_code":"07"},{"brgy_code":"072242014","brgy_name":"Unidos","province_code":"0722","region_code":"07"},{"brgy_code":"072242015","brgy_name":"Union","province_code":"0722","region_code":"07"},{"brgy_code":"072242016","brgy_name":"Western Poblacion","province_code":"0722","region_code":"07"}]