[{"brgy_code":"074615001","brgy_name":"Alangilanan","province_code":"0746","region_code":"07"},{"brgy_code":"074615002","brgy_name":"Bagtic","province_code":"0746","region_code":"07"},{"brgy_code":"074615003","brgy_name":"Balaas","province_code":"0746","region_code":"07"},{"brgy_code":"074615004","brgy_name":"Bantolinao","province_code":"0746","region_code":"07"},{"brgy_code":"074615005","brgy_name":"Bolisong","province_code":"0746","region_code":"07"},{"brgy_code":"074615006","brgy_name":"Butong","province_code":"0746","region_code":"07"},{"brgy_code":"074615007","brgy_name":"Campuyo","province_code":"0746","region_code":"07"},{"brgy_code":"074615008","brgy_name":"Candabong","province_code":"0746","region_code":"07"},{"brgy_code":"074615009","brgy_name":"Concepcion","province_code":"0746","region_code":"07"},{"brgy_code":"074615010","brgy_name":"Dungo-an","province_code":"0746","region_code":"07"},{"brgy_code":"074615011","brgy_name":"Kauswagan","province_code":"0746","region_code":"07"},{"brgy_code":"074615012","brgy_name":"Libjo","province_code":"0746","region_code":"07"},{"brgy_code":"074615013","brgy_name":"Lamogong","province_code":"0746","region_code":"07"},{"brgy_code":"074615015","brgy_name":"Maaslum","province_code":"0746","region_code":"07"},{"brgy_code":"074615016","brgy_name":"Mandalupang","province_code":"0746","region_code":"07"},{"brgy_code":"074615017","brgy_name":"Panciao","province_code":"0746","region_code":"07"},{"brgy_code":"074615018","brgy_name":"Poblacion","province_code":"0746","region_code":"07"},{"brgy_code":"074615019","brgy_name":"Sac-sac","province_code":"0746","region_code":"07"},{"brgy_code":"074615020","brgy_name":"Salvacion","province_code":"0746","region_code":"07"},{"brgy_code":"074615021","brgy_name":"San Isidro","province_code":"0746","region_code":"07"},{"brgy_code":"074615022","brgy_name":"San Jose","province_code":"0746","region_code":"07"},{"brgy_code":"074615023","brgy_name":"Santa Monica","province_code":"0746","region_code":"07"},{"brgy_code":"074615024","brgy_name":"Suba","province_code":"0746","region_code":"07"},{"brgy_code":"074615025","brgy_name":"Sundo-an","province_code":"0746","region_code":"07"},{"brgy_code":"074615026","brgy_name":"Tanglad","province_code":"0746","region_code":"07"},{"brgy_code":"074615027","brgy_name":"Tubod","province_code":"0746","region_code":"07"},{"brgy_code":"074615028","brgy_name":"Tupas","province_code":"0746","region_code":"07"}]