[{"brgy_code":"083751001","brgy_name":"Abijao","province_code":"0837","region_code":"08"},{"brgy_code":"083751002","brgy_name":"Balite","province_code":"0837","region_code":"08"},{"brgy_code":"083751003","brgy_name":"Bugabuga","province_code":"0837","region_code":"08"},{"brgy_code":"083751004","brgy_name":"Cabungahan","province_code":"0837","region_code":"08"},{"brgy_code":"083751005","brgy_name":"Cabunga-an","province_code":"0837","region_code":"08"},{"brgy_code":"083751006","brgy_name":"Cagnocot","province_code":"0837","region_code":"08"},{"brgy_code":"083751007","brgy_name":"Cahigan","province_code":"0837","region_code":"08"},{"brgy_code":"083751008","brgy_name":"Calbugos","province_code":"0837","region_code":"08"},{"brgy_code":"083751009","brgy_name":"Camporog","province_code":"0837","region_code":"08"},{"brgy_code":"083751010","brgy_name":"Capinyahan","province_code":"0837","region_code":"08"},{"brgy_code":"083751011","brgy_name":"Casili-on","province_code":"0837","region_code":"08"},{"brgy_code":"083751012","brgy_name":"Catagbacan","province_code":"0837","region_code":"08"},{"brgy_code":"083751013","brgy_name":"Fatima (Pob.)","province_code":"0837","region_code":"08"},{"brgy_code":"083751014","brgy_name":"Hibulangan","province_code":"0837","region_code":"08"},{"brgy_code":"083751015","brgy_name":"Hinabuyan","province_code":"0837","region_code":"08"},{"brgy_code":"083751016","brgy_name":"Iligay","province_code":"0837","region_code":"08"},{"brgy_code":"083751017","brgy_name":"Jalas","province_code":"0837","region_code":"08"},{"brgy_code":"083751018","brgy_name":"Jordan","province_code":"0837","region_code":"08"},{"brgy_code":"083751019","brgy_name":"Libagong","province_code":"0837","region_code":"08"},{"brgy_code":"083751020","brgy_name":"New Balanac","province_code":"0837","region_code":"08"},{"brgy_code":"083751021","brgy_name":"Payao","province_code":"0837","region_code":"08"},{"brgy_code":"083751022","brgy_name":"Poblacion Norte","province_code":"0837","region_code":"08"},{"brgy_code":"083751023","brgy_name":"Poblacion Sur","province_code":"0837","region_code":"08"},{"brgy_code":"083751024","brgy_name":"Sambulawan","province_code":"0837","region_code":"08"},{"brgy_code":"083751025","brgy_name":"San Francisco","province_code":"0837","region_code":"08"},{"brgy_code":"083751026","brgy_name":"Silad","province_code":"0837","region_code":"08"},{"brgy_code":"083751027","brgy_name":"Sulpa","province_code":"0837","region_code":"08"},{"brgy_code":"083751028","brgy_name":"Tabunok","province_code":"0837","region_code":"08"},{"brgy_code":"083751029","brgy_name":"Tagbubunga","province_code":"0837","region_code":"08"},{"brgy_code":"083751030","brgy_name":"Tinghub","province_code":"0837","region_code":"08"},{"brgy_code":"083751031","brgy_name":"Bangcal","province_code":"0837","region_code":"08"},{"brgy_code":"083751032","brgy_name":"Canquiason","province_code":"0837","region_code":"08"},{"brgy_code":"083751033","brgy_name":"San Vicente","province_code":"0837","region_code":"08"},{"brgy_code":"083751034","brgy_name":"Santa Cruz","province_code":"0837","region_code":"08"},{"brgy_code":"083751035","brgy_name":"Suba","province_code":"0837","region_code":"08"}]