[{"brgy_code":"097208001","brgy_name":"Alvenda","province_code":"0972","region_code":"09"},{"brgy_code":"097208002","brgy_name":"Buenasuerte","province_code":"0972","region_code":"09"},{"brgy_code":"097208003","brgy_name":"Diland","province_code":"0972","region_code":"09"},{"brgy_code":"097208004","brgy_name":"Diolen","province_code":"0972","region_code":"09"},{"brgy_code":"097208005","brgy_name":"Head Tipan","province_code":"0972","region_code":"09"},{"brgy_code":"097208006","brgy_name":"New Casul","province_code":"0972","region_code":"09"},{"brgy_code":"097208007","brgy_name":"Newland","province_code":"0972","region_code":"09"},{"brgy_code":"097208008","brgy_name":"New Siquijor","province_code":"0972","region_code":"09"},{"brgy_code":"097208009","brgy_name":"Paso Rio","province_code":"0972","region_code":"09"},{"brgy_code":"097208010","brgy_name":"Poblacion","province_code":"0972","region_code":"09"},{"brgy_code":"097208011","brgy_name":"San Miguel","province_code":"0972","region_code":"09"},{"brgy_code":"097208012","brgy_name":"Tinglan","province_code":"0972","region_code":"09"},{"brgy_code":"097208013","brgy_name":"Totongon","province_code":"0972","region_code":"09"},{"brgy_code":"097208014","brgy_name":"Tubac","province_code":"0972","region_code":"09"},{"brgy_code":"097208015","brgy_name":"Unidos","province_code":"0972","region_code":"09"},{"brgy_code":"097208016","brgy_name":"Santo Tomas","province_code":"0972","region_code":"09"}]