[{"brgy_code":"103509001","brgy_name":"Abaga","province_code":"1035","region_code":"10"},{"brgy_code":"103509002","brgy_name":"Andil","province_code":"1035","region_code":"10"},{"brgy_code":"103509003","brgy_name":"Matampay Bucana","province_code":"1035","region_code":"10"},{"brgy_code":"103509004","brgy_name":"Darumawang Bucana","province_code":"1035","region_code":"10"},{"brgy_code":"103509005","brgy_name":"Cabasagan","province_code":"1035","region_code":"10"},{"brgy_code":"103509006","brgy_name":"Camalan","province_code":"1035","region_code":"10"},{"brgy_code":"103509008","brgy_name":"Darumawang Ilaya","province_code":"1035","region_code":"10"},{"brgy_code":"103509009","brgy_name":"El Salvador","province_code":"1035","region_code":"10"},{"brgy_code":"103509010","brgy_name":"Gumagamot","province_code":"1035","region_code":"10"},{"brgy_code":"103509012","brgy_name":"Lala Proper (Pob.)","province_code":"1035","region_code":"10"},{"brgy_code":"103509013","brgy_name":"Lanipao","province_code":"1035","region_code":"10"},{"brgy_code":"103509014","brgy_name":"Magpatao","province_code":"1035","region_code":"10"},{"brgy_code":"103509015","brgy_name":"Maranding","province_code":"1035","region_code":"10"},{"brgy_code":"103509016","brgy_name":"Matampay Ilaya","province_code":"1035","region_code":"10"},{"brgy_code":"103509017","brgy_name":"Pacita","province_code":"1035","region_code":"10"},{"brgy_code":"103509018","brgy_name":"Pendolonan","province_code":"1035","region_code":"10"},{"brgy_code":"103509019","brgy_name":"Pinoyak","province_code":"1035","region_code":"10"},{"brgy_code":"103509020","brgy_name":"Raw-an","province_code":"1035","region_code":"10"},{"brgy_code":"103509021","brgy_name":"Rebe","province_code":"1035","region_code":"10"},{"brgy_code":"103509022","brgy_name":"San Isidro Lower","province_code":"1035","region_code":"10"},{"brgy_code":"103509023","brgy_name":"San Isidro Upper","province_code":"1035","region_code":"10"},{"brgy_code":"103509024","brgy_name":"San Manuel","province_code":"1035","region_code":"10"},{"brgy_code":"103509025","brgy_name":"Santa Cruz Lower","province_code":"1035","region_code":"10"},{"brgy_code":"103509026","brgy_name":"Santa Cruz Upper","province_code":"1035","region_code":"10"},{"brgy_code":"103509027","brgy_name":"Simpak","province_code":"1035","region_code":"10"},{"brgy_code":"103509028","brgy_name":"Tenazas","province_code":"1035","region_code":"10"},{"brgy_code":"103509029","brgy_name":"Tuna-an","province_code":"1035","region_code":"10"}]