[{"brgy_code":"104210001","brgy_name":"Aguada (Pob.)","province_code":"1042","region_code":"10"},{"brgy_code":"104210002","brgy_name":"Banadero (Pob.)","province_code":"1042","region_code":"10"},{"brgy_code":"104210003","brgy_name":"Bacolod","province_code":"1042","region_code":"10"},{"brgy_code":"104210004","brgy_name":"Bagakay","province_code":"1042","region_code":"10"},{"brgy_code":"104210005","brgy_name":"Balintawak","province_code":"1042","region_code":"10"},{"brgy_code":"104210006","brgy_name":"Baybay Santa Cruz","province_code":"1042","region_code":"10"},{"brgy_code":"104210007","brgy_name":"Baybay Triunfo","province_code":"1042","region_code":"10"},{"brgy_code":"104210008","brgy_name":"Bongbong","province_code":"1042","region_code":"10"},{"brgy_code":"104210009","brgy_name":"Calabayan","province_code":"1042","region_code":"10"},{"brgy_code":"104210010","brgy_name":"Capucao C.","province_code":"1042","region_code":"10"},{"brgy_code":"104210011","brgy_name":"Capucao P.","province_code":"1042","region_code":"10"},{"brgy_code":"104210012","brgy_name":"Carangan","province_code":"1042","region_code":"10"},{"brgy_code":"104210013","brgy_name":"Catadman-Manabay","province_code":"1042","region_code":"10"},{"brgy_code":"104210014","brgy_name":"Cavinte","province_code":"1042","region_code":"10"},{"brgy_code":"104210015","brgy_name":"Cogon","province_code":"1042","region_code":"10"},{"brgy_code":"104210016","brgy_name":"Dalapang","province_code":"1042","region_code":"10"},{"brgy_code":"104210017","brgy_name":"Diguan","province_code":"1042","region_code":"10"},{"brgy_code":"104210018","brgy_name":"Dimaluna","province_code":"1042","region_code":"10"},{"brgy_code":"104210019","brgy_name":"Embargo","province_code":"1042","region_code":"10"},{"brgy_code":"104210020","brgy_name":"Gala","province_code":"1042","region_code":"10"},{"brgy_code":"104210021","brgy_name":"Gango","province_code":"1042","region_code":"10"},{"brgy_code":"104210022","brgy_name":"Gotokan Daku","province_code":"1042","region_code":"10"},{"brgy_code":"104210023","brgy_name":"Gotokan Diot","province_code":"1042","region_code":"10"},{"brgy_code":"104210024","brgy_name":"Guimad","province_code":"1042","region_code":"10"},{"brgy_code":"104210025","brgy_name":"Guingona","province_code":"1042","region_code":"10"},{"brgy_code":"104210026","brgy_name":"Kinuman Norte","province_code":"1042","region_code":"10"},{"brgy_code":"104210027","brgy_name":"Kinuman Sur","province_code":"1042","region_code":"10"},{"brgy_code":"104210028","brgy_name":"Labinay","province_code":"1042","region_code":"10"},{"brgy_code":"104210029","brgy_name":"Labo","province_code":"1042","region_code":"10"},{"brgy_code":"104210030","brgy_name":"Lam-an","province_code":"1042","region_code":"10"},{"brgy_code":"104210031","brgy_name":"Liposong","province_code":"1042","region_code":"10"},{"brgy_code":"104210032","brgy_name":"Litapan","province_code":"1042","region_code":"10"},{"brgy_code":"104210033","brgy_name":"Malaubang","province_code":"1042","region_code":"10"},{"brgy_code":"104210034","brgy_name":"Manaka","province_code":"1042","region_code":"10"},{"brgy_code":"104210035","brgy_name":"Maningcol","province_code":"1042","region_code":"10"},{"brgy_code":"104210036","brgy_name":"Mentering","province_code":"1042","region_code":"10"},{"brgy_code":"104210037","brgy_name":"Carmen (Misamis Annex)","province_code":"1042","region_code":"10"},{"brgy_code":"104210038","brgy_name":"Molicay","province_code":"1042","region_code":"10"},{"brgy_code":"104210039","brgy_name":"Stimson Abordo (Montol)","province_code":"1042","region_code":"10"},{"brgy_code":"104210040","brgy_name":"Pantaon","province_code":"1042","region_code":"10"},{"brgy_code":"104210041","brgy_name":"Pulot","province_code":"1042","region_code":"10"},{"brgy_code":"104210042","brgy_name":"San Antonio","province_code":"1042","region_code":"10"},{"brgy_code":"104210043","brgy_name":"Baybay San Roque","province_code":"1042","region_code":"10"},{"brgy_code":"104210044","brgy_name":"Sangay Daku","province_code":"1042","region_code":"10"},{"brgy_code":"104210045","brgy_name":"Sangay Diot","province_code":"1042","region_code":"10"},{"brgy_code":"104210046","brgy_name":"Sinuza","province_code":"1042","region_code":"10"},{"brgy_code":"104210047","brgy_name":"Tabid","province_code":"1042","region_code":"10"},{"brgy_code":"104210048","brgy_name":"Tinago","province_code":"1042","region_code":"10"},{"brgy_code":"104210049","brgy_name":"Trigos","province_code":"1042","region_code":"10"},{"brgy_code":"104210051","brgy_name":"50th District (Pob.)","province_code":"1042","region_code":"10"},{"brgy_code":"104210052","brgy_name":"Doña Consuelo","province_code":"1042","region_code":"10"}]