[{"brgy_code":"104215001","brgy_name":"Santa Maria (Baga)","province_code":"1042","region_code":"10"},{"brgy_code":"104215002","brgy_name":"Balatacan","province_code":"1042","region_code":"10"},{"brgy_code":"104215003","brgy_name":"Banglay","province_code":"1042","region_code":"10"},{"brgy_code":"104215004","brgy_name":"Mantic","province_code":"1042","region_code":"10"},{"brgy_code":"104215005","brgy_name":"Migcanaway","province_code":"1042","region_code":"10"},{"brgy_code":"104215006","brgy_name":"Bintana","province_code":"1042","region_code":"10"},{"brgy_code":"104215007","brgy_name":"Bocator","province_code":"1042","region_code":"10"},{"brgy_code":"104215008","brgy_name":"Bongabong","province_code":"1042","region_code":"10"},{"brgy_code":"104215009","brgy_name":"Caniangan","province_code":"1042","region_code":"10"},{"brgy_code":"104215010","brgy_name":"Capalaran","province_code":"1042","region_code":"10"},{"brgy_code":"104215011","brgy_name":"Catagan","province_code":"1042","region_code":"10"},{"brgy_code":"104215012","brgy_name":"Barangay I - City Hall (Pob.)","province_code":"1042","region_code":"10"},{"brgy_code":"104215013","brgy_name":"Barangay II - Marilou Annex (Pob.)","province_code":"1042","region_code":"10"},{"brgy_code":"104215014","brgy_name":"Barangay IV - St. Michael (Pob.)","province_code":"1042","region_code":"10"},{"brgy_code":"104215015","brgy_name":"Isidro D. Tan (Dimaloc-oc)","province_code":"1042","region_code":"10"},{"brgy_code":"104215016","brgy_name":"Garang","province_code":"1042","region_code":"10"},{"brgy_code":"104215017","brgy_name":"Guinabot","province_code":"1042","region_code":"10"},{"brgy_code":"104215018","brgy_name":"Guinalaban","province_code":"1042","region_code":"10"},{"brgy_code":"104215019","brgy_name":"Kauswagan","province_code":"1042","region_code":"10"},{"brgy_code":"104215020","brgy_name":"Kimat","province_code":"1042","region_code":"10"},{"brgy_code":"104215021","brgy_name":"Labuyo","province_code":"1042","region_code":"10"},{"brgy_code":"104215022","brgy_name":"Lorenzo Tan","province_code":"1042","region_code":"10"},{"brgy_code":"104215023","brgy_name":"Barangay VI - Lower Polao (Pob.)","province_code":"1042","region_code":"10"},{"brgy_code":"104215024","brgy_name":"Lumban","province_code":"1042","region_code":"10"},{"brgy_code":"104215025","brgy_name":"Maloro","province_code":"1042","region_code":"10"},{"brgy_code":"104215026","brgy_name":"Barangay V - Malubog (Pob.)","province_code":"1042","region_code":"10"},{"brgy_code":"104215027","brgy_name":"Manga","province_code":"1042","region_code":"10"},{"brgy_code":"104215028","brgy_name":"Maquilao","province_code":"1042","region_code":"10"},{"brgy_code":"104215029","brgy_name":"Barangay III- Market Kalubian (Pob.)","province_code":"1042","region_code":"10"},{"brgy_code":"104215030","brgy_name":"Minsubong","province_code":"1042","region_code":"10"},{"brgy_code":"104215031","brgy_name":"Owayan","province_code":"1042","region_code":"10"},{"brgy_code":"104215032","brgy_name":"Paiton","province_code":"1042","region_code":"10"},{"brgy_code":"104215033","brgy_name":"Panalsalan","province_code":"1042","region_code":"10"},{"brgy_code":"104215034","brgy_name":"Pangabuan","province_code":"1042","region_code":"10"},{"brgy_code":"104215035","brgy_name":"Prenza","province_code":"1042","region_code":"10"},{"brgy_code":"104215036","brgy_name":"Salimpuno","province_code":"1042","region_code":"10"},{"brgy_code":"104215037","brgy_name":"San Antonio","province_code":"1042","region_code":"10"},{"brgy_code":"104215038","brgy_name":"San Apolinario","province_code":"1042","region_code":"10"},{"brgy_code":"104215039","brgy_name":"San Vicente","province_code":"1042","region_code":"10"},{"brgy_code":"104215040","brgy_name":"Santa Cruz","province_code":"1042","region_code":"10"},{"brgy_code":"104215041","brgy_name":"Santo Niño","province_code":"1042","region_code":"10"},{"brgy_code":"104215042","brgy_name":"Silangit","province_code":"1042","region_code":"10"},{"brgy_code":"104215043","brgy_name":"Simasay","province_code":"1042","region_code":"10"},{"brgy_code":"104215044","brgy_name":"Sumirap","province_code":"1042","region_code":"10"},{"brgy_code":"104215045","brgy_name":"Taguite","province_code":"1042","region_code":"10"},{"brgy_code":"104215046","brgy_name":"Tituron","province_code":"1042","region_code":"10"},{"brgy_code":"104215047","brgy_name":"Barangay VII - Upper Polao (Pob.)","province_code":"1042","region_code":"10"},{"brgy_code":"104215048","brgy_name":"Villaba","province_code":"1042","region_code":"10"},{"brgy_code":"104215049","brgy_name":"Silanga","province_code":"1042","region_code":"10"},{"brgy_code":"104215050","brgy_name":"Aquino (Marcos)","province_code":"1042","region_code":"10"},{"brgy_code":"104215051","brgy_name":"Baluk","province_code":"1042","region_code":"10"},{"brgy_code":"104215052","brgy_name":"Huyohoy","province_code":"1042","region_code":"10"},{"brgy_code":"104215053","brgy_name":"Matugnaw","province_code":"1042","region_code":"10"},{"brgy_code":"104215054","brgy_name":"Sicot","province_code":"1042","region_code":"10"},{"brgy_code":"104215055","brgy_name":"Tugas","province_code":"1042","region_code":"10"}]