[{"brgy_code":"104205002","brgy_name":"Bernad","province_code":"1042","region_code":"10"},{"brgy_code":"104205003","brgy_name":"Bito-on","province_code":"1042","region_code":"10"},{"brgy_code":"104205004","brgy_name":"Cabunga-an","province_code":"1042","region_code":"10"},{"brgy_code":"104205005","brgy_name":"Canibungan Daku","province_code":"1042","region_code":"10"},{"brgy_code":"104205006","brgy_name":"Canibungan Putol","province_code":"1042","region_code":"10"},{"brgy_code":"104205007","brgy_name":"Canipacan","province_code":"1042","region_code":"10"},{"brgy_code":"104205008","brgy_name":"Dalingap","province_code":"1042","region_code":"10"},{"brgy_code":"104205009","brgy_name":"Dela Paz","province_code":"1042","region_code":"10"},{"brgy_code":"104205010","brgy_name":"Dolores","province_code":"1042","region_code":"10"},{"brgy_code":"104205011","brgy_name":"Gata Daku","province_code":"1042","region_code":"10"},{"brgy_code":"104205012","brgy_name":"Gata Diot","province_code":"1042","region_code":"10"},{"brgy_code":"104205013","brgy_name":"Guba (Ozamis)","province_code":"1042","region_code":"10"},{"brgy_code":"104205014","brgy_name":"Kinangay Norte","province_code":"1042","region_code":"10"},{"brgy_code":"104205015","brgy_name":"Kinangay Sur","province_code":"1042","region_code":"10"},{"brgy_code":"104205016","brgy_name":"Lapasan","province_code":"1042","region_code":"10"},{"brgy_code":"104205017","brgy_name":"Lupagan","province_code":"1042","region_code":"10"},{"brgy_code":"104205018","brgy_name":"Malibangcao","province_code":"1042","region_code":"10"},{"brgy_code":"104205019","brgy_name":"Masabud","province_code":"1042","region_code":"10"},{"brgy_code":"104205020","brgy_name":"Mialen","province_code":"1042","region_code":"10"},{"brgy_code":"104205021","brgy_name":"Pan-ay","province_code":"1042","region_code":"10"},{"brgy_code":"104205022","brgy_name":"Penacio","province_code":"1042","region_code":"10"},{"brgy_code":"104205023","brgy_name":"Poblacion I","province_code":"1042","region_code":"10"},{"brgy_code":"104205024","brgy_name":"Segatic Daku","province_code":"1042","region_code":"10"},{"brgy_code":"104205025","brgy_name":"Segatic Diot","province_code":"1042","region_code":"10"},{"brgy_code":"104205026","brgy_name":"Sebasi","province_code":"1042","region_code":"10"},{"brgy_code":"104205027","brgy_name":"Tinacla-an","province_code":"1042","region_code":"10"},{"brgy_code":"104205028","brgy_name":"Poblacion II","province_code":"1042","region_code":"10"},{"brgy_code":"104205029","brgy_name":"Poblacion III","province_code":"1042","region_code":"10"},{"brgy_code":"104205030","brgy_name":"Poblacion IV","province_code":"1042","region_code":"10"}]