[{"brgy_code":"112305003","brgy_name":"Semong","province_code":"1123","region_code":"11"},{"brgy_code":"112305005","brgy_name":"Florida","province_code":"1123","region_code":"11"},{"brgy_code":"112305006","brgy_name":"Gabuyan","province_code":"1123","region_code":"11"},{"brgy_code":"112305007","brgy_name":"Gupitan","province_code":"1123","region_code":"11"},{"brgy_code":"112305008","brgy_name":"Capungagan","province_code":"1123","region_code":"11"},{"brgy_code":"112305009","brgy_name":"Katipunan","province_code":"1123","region_code":"11"},{"brgy_code":"112305012","brgy_name":"Luna","province_code":"1123","region_code":"11"},{"brgy_code":"112305013","brgy_name":"Mabantao","province_code":"1123","region_code":"11"},{"brgy_code":"112305015","brgy_name":"Mamacao","province_code":"1123","region_code":"11"},{"brgy_code":"112305018","brgy_name":"Pag-asa","province_code":"1123","region_code":"11"},{"brgy_code":"112305021","brgy_name":"Maniki (Poblacion)","province_code":"1123","region_code":"11"},{"brgy_code":"112305022","brgy_name":"Sampao","province_code":"1123","region_code":"11"},{"brgy_code":"112305026","brgy_name":"Sua-on","province_code":"1123","region_code":"11"},{"brgy_code":"112305028","brgy_name":"Tiburcia","province_code":"1123","region_code":"11"}]