[{"brgy_code":"112411001","brgy_name":"Almendras (Pob.)","province_code":"1124","region_code":"11"},{"brgy_code":"112411002","brgy_name":"Don Sergio Osmeña, Sr.","province_code":"1124","region_code":"11"},{"brgy_code":"112411003","brgy_name":"Harada Butai","province_code":"1124","region_code":"11"},{"brgy_code":"112411004","brgy_name":"Lower Katipunan","province_code":"1124","region_code":"11"},{"brgy_code":"112411005","brgy_name":"Lower Limonzo","province_code":"1124","region_code":"11"},{"brgy_code":"112411006","brgy_name":"Lower Malinao","province_code":"1124","region_code":"11"},{"brgy_code":"112411007","brgy_name":"N C Ordaneza District (Pob.)","province_code":"1124","region_code":"11"},{"brgy_code":"112411008","brgy_name":"Northern Paligue","province_code":"1124","region_code":"11"},{"brgy_code":"112411009","brgy_name":"Palili","province_code":"1124","region_code":"11"},{"brgy_code":"112411010","brgy_name":"Piape","province_code":"1124","region_code":"11"},{"brgy_code":"112411011","brgy_name":"Punta Piape","province_code":"1124","region_code":"11"},{"brgy_code":"112411012","brgy_name":"Quirino District (Pob.)","province_code":"1124","region_code":"11"},{"brgy_code":"112411013","brgy_name":"San Isidro","province_code":"1124","region_code":"11"},{"brgy_code":"112411014","brgy_name":"Southern Paligue","province_code":"1124","region_code":"11"},{"brgy_code":"112411015","brgy_name":"Tulogan","province_code":"1124","region_code":"11"},{"brgy_code":"112411016","brgy_name":"Upper Limonzo","province_code":"1124","region_code":"11"},{"brgy_code":"112411017","brgy_name":"Upper Malinao","province_code":"1124","region_code":"11"}]