[{"brgy_code":"128006001","brgy_name":"Daan Suyan","province_code":"1280","region_code":"12"},{"brgy_code":"128006002","brgy_name":"Kihan","province_code":"1280","region_code":"12"},{"brgy_code":"128006003","brgy_name":"Kinam","province_code":"1280","region_code":"12"},{"brgy_code":"128006004","brgy_name":"Libi","province_code":"1280","region_code":"12"},{"brgy_code":"128006005","brgy_name":"Lun Masla","province_code":"1280","region_code":"12"},{"brgy_code":"128006006","brgy_name":"Lun Padidu","province_code":"1280","region_code":"12"},{"brgy_code":"128006007","brgy_name":"Patag","province_code":"1280","region_code":"12"},{"brgy_code":"128006008","brgy_name":"Poblacion (Malapatan)","province_code":"1280","region_code":"12"},{"brgy_code":"128006009","brgy_name":"Sapu Masla","province_code":"1280","region_code":"12"},{"brgy_code":"128006010","brgy_name":"Sapu Padidu","province_code":"1280","region_code":"12"},{"brgy_code":"128006011","brgy_name":"Tuyan","province_code":"1280","region_code":"12"},{"brgy_code":"128006012","brgy_name":"Upper Suyan","province_code":"1280","region_code":"12"}]