[{"brgy_code":"137602001","brgy_name":"Bangkal","province_code":"1376","region_code":"13"},{"brgy_code":"137602002","brgy_name":"Bel-Air","province_code":"1376","region_code":"13"},{"brgy_code":"137602003","brgy_name":"Cembo","province_code":"1376","region_code":"13"},{"brgy_code":"137602004","brgy_name":"Comembo","province_code":"1376","region_code":"13"},{"brgy_code":"137602005","brgy_name":"Carmona","province_code":"1376","region_code":"13"},{"brgy_code":"137602006","brgy_name":"Dasmariñas","province_code":"1376","region_code":"13"},{"brgy_code":"137602007","brgy_name":"East Rembo","province_code":"1376","region_code":"13"},{"brgy_code":"137602008","brgy_name":"Forbes Park","province_code":"1376","region_code":"13"},{"brgy_code":"137602009","brgy_name":"Guadalupe Nuevo","province_code":"1376","region_code":"13"},{"brgy_code":"137602010","brgy_name":"Guadalupe Viejo","province_code":"1376","region_code":"13"},{"brgy_code":"137602011","brgy_name":"Kasilawan","province_code":"1376","region_code":"13"},{"brgy_code":"137602012","brgy_name":"La Paz","province_code":"1376","region_code":"13"},{"brgy_code":"137602013","brgy_name":"Magallanes","province_code":"1376","region_code":"13"},{"brgy_code":"137602014","brgy_name":"Olympia","province_code":"1376","region_code":"13"},{"brgy_code":"137602015","brgy_name":"Palanan","province_code":"1376","region_code":"13"},{"brgy_code":"137602016","brgy_name":"Pembo","province_code":"1376","region_code":"13"},{"brgy_code":"137602017","brgy_name":"Pinagkaisahan","province_code":"1376","region_code":"13"},{"brgy_code":"137602018","brgy_name":"Pio Del Pilar","province_code":"1376","region_code":"13"},{"brgy_code":"137602019","brgy_name":"Pitogo","province_code":"1376","region_code":"13"},{"brgy_code":"137602020","brgy_name":"Poblacion","province_code":"1376","region_code":"13"},{"brgy_code":"137602021","brgy_name":"Post Proper Northside","province_code":"1376","region_code":"13"},{"brgy_code":"137602022","brgy_name":"Post Proper Southside","province_code":"1376","region_code":"13"},{"brgy_code":"137602023","brgy_name":"San Antonio","province_code":"1376","region_code":"13"},{"brgy_code":"137602024","brgy_name":"San Isidro","province_code":"1376","region_code":"13"},{"brgy_code":"137602025","brgy_name":"San Lorenzo","province_code":"1376","region_code":"13"},{"brgy_code":"137602026","brgy_name":"Santa Cruz","province_code":"1376","region_code":"13"},{"brgy_code":"137602027","brgy_name":"Singkamas","province_code":"1376","region_code":"13"},{"brgy_code":"137602028","brgy_name":"South Cembo","province_code":"1376","region_code":"13"},{"brgy_code":"137602029","brgy_name":"Tejeros","province_code":"1376","region_code":"13"},{"brgy_code":"137602030","brgy_name":"Urdaneta","province_code":"1376","region_code":"13"},{"brgy_code":"137602031","brgy_name":"Valenzuela","province_code":"1376","region_code":"13"},{"brgy_code":"137602032","brgy_name":"West Rembo","province_code":"1376","region_code":"13"},{"brgy_code":"137602033","brgy_name":"Rizal","province_code":"1376","region_code":"13"}]