[{"brgy_code":"160310001","brgy_name":"Angas","province_code":"1603","region_code":"16"},{"brgy_code":"160310002","brgy_name":"Aurora","province_code":"1603","region_code":"16"},{"brgy_code":"160310003","brgy_name":"Awao","province_code":"1603","region_code":"16"},{"brgy_code":"160310004","brgy_name":"Tapaz","province_code":"1603","region_code":"16"},{"brgy_code":"160310005","brgy_name":"Patrocinio","province_code":"1603","region_code":"16"},{"brgy_code":"160310006","brgy_name":"Poblacion","province_code":"1603","region_code":"16"},{"brgy_code":"160310007","brgy_name":"San Jose","province_code":"1603","region_code":"16"},{"brgy_code":"160310008","brgy_name":"Santa Isabel","province_code":"1603","region_code":"16"},{"brgy_code":"160310009","brgy_name":"Sayon","province_code":"1603","region_code":"16"},{"brgy_code":"160310010","brgy_name":"Concepcion","province_code":"1603","region_code":"16"},{"brgy_code":"160310011","brgy_name":"Pag-asa","province_code":"1603","region_code":"16"}]