[{"brgy_code":"168501002","brgy_name":"Catadman","province_code":"1685","region_code":"16"},{"brgy_code":"168501003","brgy_name":"Columbus","province_code":"1685","region_code":"16"},{"brgy_code":"168501004","brgy_name":"Coring","province_code":"1685","region_code":"16"},{"brgy_code":"168501005","brgy_name":"Cortes","province_code":"1685","region_code":"16"},{"brgy_code":"168501006","brgy_name":"Doña Helene","province_code":"1685","region_code":"16"},{"brgy_code":"168501007","brgy_name":"Ferdinand","province_code":"1685","region_code":"16"},{"brgy_code":"168501008","brgy_name":"Geotina","province_code":"1685","region_code":"16"},{"brgy_code":"168501009","brgy_name":"Imee (Bactasan)","province_code":"1685","region_code":"16"},{"brgy_code":"168501010","brgy_name":"Melgar","province_code":"1685","region_code":"16"},{"brgy_code":"168501011","brgy_name":"Montag","province_code":"1685","region_code":"16"},{"brgy_code":"168501012","brgy_name":"Navarro","province_code":"1685","region_code":"16"},{"brgy_code":"168501013","brgy_name":"Poblacion","province_code":"1685","region_code":"16"},{"brgy_code":"168501014","brgy_name":"Puerto Princesa","province_code":"1685","region_code":"16"},{"brgy_code":"168501015","brgy_name":"Rita Glenda","province_code":"1685","region_code":"16"},{"brgy_code":"168501016","brgy_name":"Roxas","province_code":"1685","region_code":"16"},{"brgy_code":"168501017","brgy_name":"Sering","province_code":"1685","region_code":"16"},{"brgy_code":"168501018","brgy_name":"Tag-abaca","province_code":"1685","region_code":"16"},{"brgy_code":"168501019","brgy_name":"Benglen","province_code":"1685","region_code":"16"},{"brgy_code":"168501020","brgy_name":"Diegas","province_code":"1685","region_code":"16"},{"brgy_code":"168501021","brgy_name":"Edera","province_code":"1685","region_code":"16"},{"brgy_code":"168501022","brgy_name":"New Nazareth","province_code":"1685","region_code":"16"},{"brgy_code":"168501023","brgy_name":"Roma","province_code":"1685","region_code":"16"},{"brgy_code":"168501024","brgy_name":"Santa Monica","province_code":"1685","region_code":"16"},{"brgy_code":"168501025","brgy_name":"Santo Niño","province_code":"1685","region_code":"16"},{"brgy_code":"168501026","brgy_name":"Sombrado","province_code":"1685","region_code":"16"},{"brgy_code":"168501027","brgy_name":"Villa Ecleo","province_code":"1685","region_code":"16"},{"brgy_code":"168501028","brgy_name":"Villa Pantinople","province_code":"1685","region_code":"16"}]